152.14.142.107,1039.2798507213593
48,0.010981559753417969
49,0.007962226867675781
50,0.015938282012939453
51,0.00923466682434082
52,0.010974645614624023
53,0.011013269424438477
54,0.01311492919921875
55,0.010076284408569336
56,0.01699066162109375
57,0.02120208740234375
58,0.020017623901367188
59,0.010162830352783203
60,0.008069992065429688
61,0.010281801223754883
62,0.010032892227172852
63,0.009218215942382812
64,0.017937183380126953
65,0.013353347778320312
66,0.018135786056518555
67,0.007979393005371094
68,0.026337623596191406
69,0.012986898422241211
70,0
70,0.03584742546081543
71,0.050219058990478516
72,0.011099576950073242
73,0.010487079620361328
74,0.012243509292602539
75,0.015398502349853516
76,0.009244918823242188
77,0.011448383331298828
78,0.017189741134643555
79,0.011069774627685547
80,0.015976905822753906
81,0.03561854362487793
82,0.01198267936706543
83,0.008010625839233398
84,0.01152944564819336
85,0.03406119346618652
86,0.008078336715698242
87,0.01499319076538086
88,0.01107025146484375
89,0.01037144660949707
90,0.03204464912414551
91,0.041887521743774414
92,0.010102272033691406
93,0.012020111083984375
94,0.01407480239868164
95,0.008019685745239258
96,0.02296733856201172
97,0.01991558074951172
98,0.01307225227355957
99,0.009991168975830078
100,0.01839160919189453
101,0.01296854019165039
102,0.02210831642150879
103,0.015134572982788086
104,0.046872615814208984
105,0.027219533920288086
106,0.010111093521118164
107,0.02113032341003418
108,0.0074460506439208984
109,0.011935710906982422
110,0.017424345016479492
111,0.007104635238647461
112,0.042685508728027344
113,0.012226581573486328
114,0.010104179382324219
115,0.030266523361206055
116,0.021150827407836914
117,0.013195276260375977
118,0.011137723922729492
119,0.013065576553344727
120,0.010410547256469727
121,0.01696920394897461
122,0.011168241500854492
123,0.03294968605041504
124,0.021313905715942383
125,0.011107206344604492
126,0.00997781753540039
127,0.011287212371826172
128,0.016248464584350586
129,0.011014938354492188
130,0.012166976928710938
131,0.010139703750610352
132,0.011404991149902344
133,0.0121002197265625
134,0.010271072387695312
135,0.008058309555053711
136,0.03512740135192871
137,0.013059377670288086
138,0.008156299591064453
139,0.010102987289428711
140,0.009068965911865234
141,0.012401580810546875
142,0.011934995651245117
143,0.018077373504638672
144,0.015084266662597656
145,0.012930631637573242
146,0.009272575378417969
147,0.023166418075561523
148,0.008109569549560547
149,0.010990142822265625
150,0.010076284408569336
151,0.009272098541259766
152,0.015150785446166992
153,0.012055635452270508
154,0.011134862899780273
155,0.013236761093139648
156,0.011118888854980469
157,0.02614426612854004
158,0.010336637496948242
159,0.015241861343383789
160,0.01028299331665039
161,0.007980823516845703
162,0.008095502853393555
163,0.019333600997924805
164,0.03837442398071289
165,0.03405022621154785
166,0.015295267105102539
167,0.028411388397216797
168,0.018241405487060547
169,0.015928983688354492
170,0.010149955749511719
171,0.010146617889404297
172,0.020931482315063477
173,0.009305953979492188
174,0.02835988998413086
175,0.007944107055664062
176,0.013137578964233398
177,0.013068437576293945
178,0.03906893730163574
179,0.025305986404418945
180,0.01109766960144043
181,0.014471054077148438
182,0.018470048904418945
183,0.014934062957763672
184,0.0180816650390625
185,0.04528498649597168
186,0.035396575927734375
187,0.02325606346130371
188,0.029128074645996094
189,0.011453866958618164
190,0.047136545181274414
191,0.024614334106445312
192,0.008253097534179688
193,0.009424448013305664
194,0.011075735092163086
195,0.013092041015625
196,0.026964426040649414
197,0.010466814041137695
198,0.013273477554321289
199,0.014968156814575195
200,0.028922319412231445
201,0.01534891128540039
202,0.037212371826171875
203,0.0393824577331543
204,0.010048627853393555
205,0.010242223739624023
206,0.010498285293579102
207,0.012269020080566406
208,0.017986059188842773
209,0.010112762451171875
210,0.023105859756469727
211,0.011312246322631836
212,0.04098081588745117
213,0.014992952346801758
214,0.02211785316467285
215,0.012222528457641602
216,0.016265392303466797
217,0.015291452407836914
218,0.015944719314575195
219,0.026988744735717773
220,0.008107185363769531
221,0.010130882263183594
222,0.010961055755615234
223,0.02692890167236328
224,0.008109331130981445
225,0.01944756507873535
226,0.01026606559753418
227,0.012965917587280273
228,0.06553268432617188
229,0.020162582397460938
230,0.017952680587768555
231,0.01109766960144043
232,0.012954950332641602
233,0.009972095489501953
234,0.024964570999145508
235,0.024132251739501953
236,0.03913998603820801
237,0.015953779220581055
238,0.010094404220581055
239,0.008106231689453125
240,0.010249614715576172
241,0.016125917434692383
242,0.013932228088378906
243,0.02626776695251465
244,0.03191733360290527
245,0.01796102523803711
246,0.013976097106933594
247,0.008988380432128906
248,0.01096963882446289
249,0.012964248657226562
250,0.02396988868713379
251,0.029887676239013672
252,0.012135982513427734
253,0.02314591407775879
254,0.010976552963256836
255,0.009006023406982422
256,0.008202314376831055
257,0.02097034454345703
258,0.008117914199829102
259,0.00910043716430664
260,0.009123086929321289
261,0.021940231323242188
262,0.04816150665283203
263,0.00997304916381836
264,0.00910639762878418
265,0.010971307754516602
266,0.020946979522705078
267,0.010217905044555664
268,0.0223081111907959
269,0.00917363166809082
270,0.038893699645996094
271,0.023113489151000977
272,0.01894831657409668
273,0.02794027328491211
274,0.011967897415161133
275,0.011967658996582031
276,0.007978439331054688
277,0.01296544075012207
278,0
278,0.11266636848449707
279,0.014958620071411133
280,0.01223301887512207
281,0.01592540740966797
282,0.010079383850097656
283,0.012064456939697266
284,0.01120305061340332
285,0.012269735336303711
286,0.03490614891052246
287,0.012111663818359375
288,0.0071125030517578125
289,0.033214569091796875
290,0.00797414779663086
291,0.03905916213989258
292,0.007046937942504883
293,0.010299444198608398
294,0.024075746536254883
295,0.010938644409179688
296,0.009975910186767578
297,0.00996708869934082
298,0.01006317138671875
299,0.013124704360961914
300,0.011105775833129883
301,0.010939598083496094
302,0.011015892028808594
303,0.01622796058654785
304,0.016220569610595703
305,0.008193016052246094
306,0.013261795043945312
307,0.030058860778808594
308,0.021941661834716797
309,0.02347111701965332
310,0.011205673217773438
311,0.019944429397583008
312,0.009115219116210938
313,0.03528404235839844
314,0.04132413864135742
315,0.0837855339050293
316,0.011142253875732422
317,0.025139808654785156
318,0.010099172592163086
319,0.011094808578491211
320,0.007941961288452148
321,0.010278463363647461
322,0.011256694793701172
323,0.023967266082763672
324,0.019081592559814453
325,0.024068593978881836
326,0.01599597930908203
327,0.03635430335998535
328,0.026138782501220703
329,0.012039899826049805
330,0.013196945190429688
331,0.008233785629272461
332,0.016025304794311523
333,0.01517033576965332
334,0.010076761245727539
335,0.010077714920043945
336,0.008075475692749023
337,0.012100696563720703
338,0.008988618850708008
339,0.010259866714477539
340,0.02493119239807129
341,0.02396678924560547
342,0.009273529052734375
343,0.020402193069458008
344,0.010190248489379883
345,0.009238481521606445
346,0.008220195770263672
347,0.02196669578552246
348,0.013243436813354492
349,0.023303508758544922
350,0.06143355369567871
351,0.011182069778442383
352,0.022124290466308594
353,0.01827406883239746
354,0.034157514572143555
355,0.009029150009155273
356,0.018972396850585938
357,0.011057615280151367
358,0.04283618927001953
359,0.02610921859741211
360,0.013317584991455078
361,0.023885250091552734
362,0.033940792083740234
363,0.018121957778930664
364,0.011242389678955078
365,0.016986608505249023
366,0.013036251068115234
367,0.028954267501831055
368,0.012987613677978516
369,0.015159368515014648
370,0.012097597122192383
371,0.04357004165649414
372,0.011028289794921875
373,0.009209394454956055
374,0.02097797393798828
375,0.008017539978027344
376,0.009984493255615234
377,0.02809882164001465
378,0.00818181037902832
379,0.03024911880493164
380,0.014536619186401367
381,0.015033245086669922
382,0.00810861587524414
383,0.010094881057739258
384,0.009099721908569336
385,0.013125181198120117
386,0.011960506439208984
387,0.015316247940063477
388,0.010302543640136719
389,0.012086153030395508
390,0.00808262825012207
391,0.011300325393676758
392,0.027925491333007812
393,0.010078668594360352
394,0.011096715927124023
395,0.01599264144897461
396,0.008060932159423828
397,0.01812458038330078
398,0.008072137832641602
399,0.010014772415161133
400,0.015221595764160156
401,0.0220491886138916
402,0.00949406623840332
403,0.015984773635864258
404,0.018024444580078125
405,0.010965108871459961
406,0.01132965087890625
407,0.007991552352905273
408,0.018265485763549805
409,0.011228561401367188
410,0.012064695358276367
411,0.017952919006347656
412,0.06183505058288574
413,0.026926755905151367
414,0.011052131652832031
415,0.017071008682250977
416,0.013045787811279297
417,0.013106107711791992
418,0.013070106506347656
419,0.024017333984375
420,0.010110855102539062
421,0.02448725700378418
422,0.018949031829833984
423,0.0209805965423584
424,0.030034780502319336
425,0.010143280029296875
426,0.008945465087890625
427,0.01598978042602539
428,0.00999307632446289
429,0.021071672439575195
430,0.010128021240234375
431,0.03312969207763672
432,0.01442575454711914
433,0.021004438400268555
434,0.017124176025390625
435,0.011096477508544922
436,0.01027536392211914
437,0.02293848991394043
438,0.009274721145629883
439,0.008276700973510742
440,0.02404189109802246
441,0.027133703231811523
442,0.0278928279876709
443,0.009996414184570312
444,0.014165163040161133
445,0.014440059661865234
446,0.013289213180541992
447,0.013047933578491211
448,0.028922319412231445
449,0
449,0.016953229904174805
450,0.016127824783325195
451,0.015159130096435547
452,0.011092901229858398
453,0.008071184158325195
454,0.0514528751373291
455,0.04106402397155762
456,0.019184589385986328
457,0.008280754089355469
458,0.008245468139648438
459,0.007117271423339844
460,0.033911705017089844
461,0.009232521057128906
462,0.01641678810119629
463,0.025299549102783203
464,0.011013984680175781
465,0.010028839111328125
466,0.008976459503173828
467,0.014188528060913086
468,0.018964290618896484
469,0.032441139221191406
470,0.02190995216369629
471,0.03945279121398926
472,0.015403032302856445
473,0.032352447509765625
474,0.014104366302490234
475,0.01791858673095703
476,0.03493952751159668
477,0.012069940567016602
478,0.00902247428894043
479,0.008979558944702148
480,0.021256446838378906
481,0.02889251708984375
482,0.010312557220458984
483,0.02504706382751465
484,0.02727675437927246
485,0.010473489761352539
486,0.011072874069213867
487,0.017095327377319336
488,0.02438497543334961
489,0.01206207275390625
490,0.035253286361694336
491,0.01010274887084961
492,0.009006261825561523
493,0.011068582534790039
494,0.011423110961914062
495,0.009972333908081055
496,0.020978689193725586
497,0.009080886840820312
498,0.013237714767456055
499,0.05369997024536133
500,0.015245914459228516
501,0.010225057601928711
502,0.012070417404174805
503,0
503,0.016954660415649414
504,0.03651690483093262
505,0.028182506561279297
506,0.009972333908081055
507,0.019181489944458008
508,0.00902700424194336
509,0.02296590805053711
510,0.011259317398071289
511,0.007978439331054688
512,0.009004831314086914
513,0.011070013046264648
514,0.009072542190551758
515,0.029920578002929688
516,0.02195572853088379
517,0.010248661041259766
518,0.027280569076538086
519,0.010271072387695312
520,0.010314702987670898
521,0.007367372512817383
522,0.030925512313842773
523,0.009070396423339844
524,0.009073972702026367
525,0.017494916915893555
526,0.028568744659423828
527,0.023253202438354492
528,0.013299226760864258
529,0.012264728546142578
530,0.010101556777954102
531,0.021933317184448242
532,0.01310873031616211
533,0.008290529251098633
534,0.029091835021972656
535,0.012934446334838867
536,0.009145498275756836
537,0.008202552795410156
538,0.008322954177856445
539,0.028095722198486328
540,0.024109840393066406
541,0.010064840316772461
542,0.021149158477783203
543,0.010111570358276367
544,0.007116556167602539
545,0.02390289306640625
546,0.00941920280456543
547,0.02123093605041504
548,0.007105112075805664
549,0.040628671646118164
550,0.010489940643310547
551,0.012157201766967773
552,0.011107206344604492
553,0.01940298080444336
554,0.009970664978027344
555,0.014490127563476562
556,0.008024454116821289
557,0.008077621459960938
558,0.010496377944946289
559,0.026034832000732422
560,0.04126119613647461
561,0.015208721160888672
562,0.009165287017822266
563,0.011265039443969727
564,0.03710651397705078
565,0.010141372680664062
566,0.02297210693359375
567,0.022893190383911133
568,0.02111983299255371
569,0.010094642639160156
570,0.015236616134643555
571,0.014204978942871094
572,0.009352445602416992
573,0
573,0.016951799392700195
574,0.00920724868774414
575,0.022025346755981445
576,0.010365962982177734
577,0.008348464965820312
578,0.01446533203125
579,0.008221864700317383
580,0.024138450622558594
581,0.009079933166503906
582,0.016989707946777344
583,0.01608896255493164
584,0.011075019836425781
585,0.008069992065429688
586,0.012202978134155273
587,0.009958028793334961
588,0.02409839630126953
589,0.008213520050048828
590,0.012262344360351562
591,0.011073827743530273
592,0.01596546173095703
593,0.009070158004760742
594,0.017116069793701172
595,0.011023759841918945
596,0.008040904998779297
597,0.008071184158325195
598,0.022255659103393555
599,0.01813507080078125
600,0.012119293212890625
601,0.008111953735351562
602,0.015160322189331055
603,0.008056163787841797
604,0.008167028427124023
605,0.01401662826538086
606,0.009238243103027344
607,0.014328479766845703
608,0.029950857162475586
609,0.032094478607177734
610,0.01109933853149414
611,0.012315511703491211
612,0.025964975357055664
613,0.011141300201416016
614,0.017949819564819336
615,0.022309303283691406
616,0.01007533073425293
617,0.008103609085083008
618,0.01601386070251465
619,0.022027254104614258
620,0.011059761047363281
621,0.027119159698486328
622,0.02121758460998535
623,0.00811004638671875
624,0.017267942428588867
625,0.012520074844360352
626,0.02895355224609375
627,0.00812077522277832
628,0
628,0.035901546478271484
629,0.020550012588500977
630,0.0715630054473877
631,0.04465508460998535
632,0.025965213775634766
633,0.010048866271972656
634,0.04449129104614258
635,0.027247190475463867
636,0.012589216232299805
637,0.04717659950256348
638,0.015220403671264648
639,0.04431295394897461
640,0.017189502716064453
641,0.02895522117614746
642,0.04697895050048828
643,0.03487586975097656
644,0.013440132141113281
645,0.0201416015625
646,0.01714158058166504
647,0.08492422103881836
648,0.03312969207763672
649,0.02508068084716797
650,0.010196208953857422
651,0.008148193359375
652,0.014153242111206055
653,0.012098312377929688
654,0.006085634231567383
655,0.02619338035583496
656,0.032918691635131836
657,0.02493429183959961
658,0.028101444244384766
659,0.02304863929748535
660,0.024932146072387695
661,0.017255306243896484
662,0.032393693923950195
663,0.012218475341796875
664,0.03510403633117676
665,0.03733110427856445
666,0.013263463973999023
667,0.011000394821166992
668,0.015136003494262695
669,0.008009672164916992
670,0.016987085342407227
671,0.013182640075683594
672,0.008124113082885742
673,0.028031349182128906
674,0.03006911277770996
675,0.031101703643798828
676,0.013060569763183594
677,0.03017115592956543
678,0.027919769287109375
679,0.03291130065917969
680,0.039893150329589844
681,0.013102531433105469
682,0.019591569900512695
683,0.026125192642211914
684,0.025449037551879883
685,0.0219419002532959
686,0.008069276809692383
687,0.01611924171447754
688,0.012273073196411133
689,0.02229166030883789
690,0.010104179382324219
691,0.011114120483398438
692,0.01008749008178711
693,0.009480476379394531
694,0.01596212387084961
695,0.01595759391784668
696,0.010442495346069336
697,0
697,0.017918825149536133
698,0.02696084976196289
699,0.011222362518310547
700,0.009101152420043945
701,0.012146949768066406
702,0.0160062313079834
703,0.010997772216796875
704,0.008119583129882812
705,0.01116490364074707
706,0.010970592498779297
707,0.010221719741821289
708,0.011266469955444336
709,0.011269569396972656
710,0.011991500854492188
711,0.009975194931030273
712,0.03800511360168457
713,0.025106191635131836
714,0.01136159896850586
715,0.010033607482910156
716,0.007946252822875977
717,0.03393721580505371
718,0.00833582878112793
719,0.013203620910644531
720,0.009941816329956055
721,0.012481689453125
722,0.011282682418823242
723,0.018077850341796875
724,0.009423971176147461
725,0.019033432006835938
726,0.012104034423828125
727,0.01107478141784668
728,0.01110219955444336
729,0.009288311004638672
730,0.011118650436401367
731,0.04007434844970703
732,0.007116794586181641
733,0.008088350296020508
734,0.042073726654052734
735,0.031220674514770508
736,0.014123678207397461
737,0.05086374282836914
738,0.023129940032958984
739,0.008072137832641602
740,0.021442413330078125
741,0.015270709991455078
742,0.015171051025390625
743,0.037326812744140625
744,0.012537002563476562
745,0.010149240493774414
746,0.019916772842407227
747,0.02515125274658203
748,0.009434700012207031
749,0.02315807342529297
750,0.008072376251220703
751,0.012192487716674805
752,0.010999441146850586
753,0
753,0.028890371322631836
754,0.039928436279296875
755,0.023156404495239258
756,0.0172727108001709
757,0.017153263092041016
758,0.010109186172485352
759,0.025158166885375977
760,0.02755570411682129
761,0.01883530616760254
762,0.009251594543457031
763,0.03099370002746582
764,0.011114835739135742
765,0.01612091064453125
766,0.008033037185668945
767,0.011093616485595703
768,0.008453369140625
769,0.010149002075195312
770,0
770,0.005983829498291016
771,0.016183853149414062
772,0.01698613166809082
773,0.016080141067504883
774,0.02992081642150879
775,0.008415937423706055
776,0.03505754470825195
777,0.010124444961547852
778,0.009259700775146484
779,0.011331319808959961
780,0.012423515319824219
781,0.010073184967041016
782,0.013512849807739258
783,0.04611325263977051
784,0.021101951599121094
785,0.01716136932373047
786,0.009068965911865234
787,0.0219419002532959
788,0.017094135284423828
789,0.009232759475708008
790,0.022937297821044922
791,0.017130613327026367
792,0.017246723175048828
793,0.010450363159179688
794,0.01324152946472168
795,0.01141667366027832
796,0.010072708129882812
797,0.03102564811706543
798,0.022118568420410156
799,0.019980669021606445
800,0.011075973510742188
801,0.009198665618896484
802,0.017134428024291992
803,0.01228642463684082
804,0.010071516036987305
805,0.01795339584350586
806,0.021940231323242188
807,0.013249635696411133
808,0.008033990859985352
809,0.01024937629699707
810,0.025104999542236328
811,0.006983041763305664
812,0.02311396598815918
813,0.01108241081237793
814,0.03294515609741211
815,0.010274648666381836
816,0.008943319320678711
817,0.009208917617797852
818,0.024145126342773438
819,0.008066654205322266
820,0.027957677841186523
821,0.009103536605834961
822,0.010312080383300781
823,0.027010202407836914
824,0.0500483512878418
825,0.054765939712524414
826,0.01410531997680664
827,0.015061378479003906
828,0.03913116455078125
829,0.0544893741607666
830,0.018859148025512695
831,0.03625059127807617
832,0.015004158020019531
833,0.015502452850341797
834,0.010971546173095703
835,0.023934125900268555
836,0.011070728302001953
837,0.016151905059814453
838,0.01616954803466797
839,0.010379314422607422
840,0.009945869445800781
841,0.009153127670288086
842,0.007071018218994141
843,0.01032400131225586
844,0.008372306823730469
845,0.009291410446166992
846,0.011968374252319336
847,0.020975351333618164
848,0.023936033248901367
849,0.012277603149414062
850,0.008104801177978516
851,0.007980585098266602
852,0.011312007904052734
853,0.00807332992553711
854,0.009280681610107422
855,0.007420063018798828
856,0.01236581802368164
857,0.014390707015991211
858,0.008068561553955078
859,0.010063886642456055
860,0.027098655700683594
861,0.010271072387695312
862,0.015139341354370117
863,0.010156869888305664
864,0.014422416687011719
865,0.03394007682800293
866,0.012166023254394531
867,0.013067245483398438
868,0.010074377059936523
869,0.021936893463134766
870,0.015442132949829102
871,0.026935100555419922
872,0.018310070037841797
873,0.011250495910644531
874,0.010132312774658203
875,0.013646125793457031
876,0.021943092346191406
877,0.009973287582397461
878,0.011275053024291992
879,0.010786056518554688
880,0.018914222717285156
881,0.03892946243286133
882,0.010030984878540039
883,0.010105609893798828
884,0.015981197357177734
885,0.011252880096435547
886,0.010977983474731445
887,0.011990547180175781
888,0.010076284408569336
889,0.02624797821044922
890,0.0203244686126709
891,0.03717541694641113
892,0.008149862289428711
893,0.016060352325439453
894,0.023138999938964844
895,0.011251449584960938
896,0.014961719512939453
897,0.0144500732421875
898,0.016402482986450195
899,0.011416912078857422
900,0.01043081283569336
901,0.016954898834228516
902,0.016114234924316406
903,0.01995372772216797
904,0.011075735092163086
905,0.028311967849731445
906,0.013112545013427734
907,0.01124429702758789
908,0.03497624397277832
909,0.014298439025878906
910,0.012067556381225586
911,0.022930145263671875
912,0.018455028533935547
913,0.03029012680053711
914,0.029262304306030273
915,0.0382080078125
916,0
916,0.0059833526611328125
917,0.026596546173095703
918,0.00995945930480957
919,0.01026606559753418
920,0.009259700775146484
921,0.01001882553100586
922,0.021975994110107422
923,0.008054733276367188
924,0.027109384536743164
925,0.0112457275390625
926,0.010248899459838867
927,0.03692746162414551
928,0.03094792366027832
929,0.012459754943847656
930,0.010108470916748047
931,0.011273622512817383
932,0.009072065353393555
933,0.02938103675842285
934,0.018404245376586914
935,0.015298843383789062
936,0.011939048767089844
937,0.00979304313659668
938,0.011147022247314453
939,0.02491450309753418
940,0.011176824569702148
941,0.009109020233154297
942,0.010077476501464844
943,0.011072397232055664
944,0.01712822914123535
945,0.008105278015136719
946,0.04314064979553223
947,0.008294343948364258
948,0.01020669937133789
949,0.010288238525390625
950,0.008286237716674805
951,0.012241125106811523
952,0.01598834991455078
953,0.03309440612792969
954,0.020943641662597656
955,0.011224746704101562
956,0.00901937484741211
957,0.015279531478881836
958,0.010311365127563477
959,0.026116609573364258
960,0.007112979888916016
961,0.03992629051208496
962,0.01729416847229004
963,0.019262075424194336
964,0.02492070198059082
965,0.02915024757385254
966,0.013092994689941406
967,0.027274370193481445
968,0.008198738098144531
969,0.018037796020507812
970,0.025282621383666992
971,0.026238203048706055
972,0.03407573699951172
973,0.07190465927124023
974,0.07991766929626465
975,0.018032073974609375
976,0.013190507888793945
977,0.007327079772949219
978,0
978,0.02892279624938965
979,0.03608512878417969
980,0.012062311172485352
981,0.011412858963012695
982,0.010115861892700195
983,0.0181276798248291
984,0.033120155334472656
985,0.020933151245117188
986,0.011237859725952148
987,0.010944604873657227
988,0.011275529861450195
989,0.016158342361450195
990,0.012112617492675781
991,0.011065959930419922
992,0.008078336715698242
993,0.010586977005004883
994,0.035988807678222656
995,0.00815272331237793
996,0.011107444763183594
997,0.04601883888244629
998,0.011058807373046875
999,0.009148597717285156
1000,0.01007843017578125
1001,0.025131940841674805
1002,0.02161860466003418
1003,0.010069847106933594
1004,0.01452326774597168
1005,0.03430032730102539
1006,0.03291058540344238
1007,0.010126829147338867
1008,0.010154962539672852
1009,0.010072946548461914
1010,0.008217573165893555
1011,0.029284954071044922
1012,0.010024785995483398
1013,0.017758607864379883
1014,0.036142587661743164
1015,0.007951974868774414
1016,0.020946264266967773
1017,0.011379718780517578
1018,0.04237055778503418
1019,0.017612695693969727
1020,0.031158924102783203
1021,0.009118795394897461
1022,0.022083759307861328
1023,0.011195182800292969
1024,0.011452674865722656
1025,0.0209810733795166
1026,0.011125564575195312
1027,0.010103702545166016
1028,0.010136604309082031
1029,0.020944833755493164
1030,0.025209903717041016
1031,0.01128244400024414
1032,0.01446080207824707
1033,0.01994466781616211
1034,0
1034,0.0
1035,0.037688493728637695
1036,0.02906942367553711
1037,0.008238077163696289
1038,0.009224891662597656
1039,0.02225351333618164
1040,0.011239290237426758
1041,0.017095565795898438
1042,0.00806570053100586
1043,0.011325836181640625
1044,0.010167598724365234
1045,0.009405851364135742
1046,0.009147882461547852
1047,0.009973287582397461
1048,0.015124320983886719
1049,0.00807332992553711
152.14.142.29,1039.277709722519
20,0.05884146690368652
21,0.015923738479614258
22,0.008945703506469727
23,0.02319622039794922
24,0.010974645614624023
25,0.025007009506225586
26,0.01311492919921875
27,0.023933887481689453
28,0.00811910629272461
29,0.011324644088745117
30,0.0070192813873291016
31,0.019173622131347656
32,0.0299222469329834
33,0.010281801223754883
34,0.01099705696105957
35,0.023143529891967773
36,0.017937183380126953
37,0.01235651969909668
38,0.02411961555480957
39,0.015957355499267578
40,0.012438535690307617
41,0
41,0.027925491333007812
42,0.012171030044555664
43,0.025255203247070312
44,0.01206660270690918
45,0.010487079620361328
46,0.04106616973876953
47,0.0162656307220459
48,0.015262365341186523
49,0.01333928108215332
50,0.01014256477355957
51,0.011069774627685547
52,0.009048223495483398
53,0.017764806747436523
54,0.011018991470336914
55,0.0299530029296875
56,0
56,0.01695561408996582
57,0.04602766036987305
58,0.01795172691345215
59,0.007992029190063477
60,0.01107025146484375
61,0.01037144660949707
62,0.014093875885009766
63,0.01598668098449707
64,0.017979145050048828
65,0.012020111083984375
66,0.01407480239868164
67,0.017992258071899414
68,0.009974241256713867
69,0.0109405517578125
70,0.01307225227355957
71,0.009068965911865234
72,0.01839160919189453
73,0.01296854019165039
74,0.009111404418945312
75,0.015134572982788086
76,0.047837018966674805
77,0.008368253707885742
78,0.029963970184326172
79,0.009262323379516602
80,0.02031850814819336
81,0.030918598175048828
82,0.011542558670043945
83,0.014991998672485352
84,0.060674428939819336
85,0.020107030868530273
86,0.010104179382324219
87,0.013278484344482422
88,0.00828099250793457
89,0.014135599136352539
90,0.011137723922729492
91,0.018949270248413086
92,0.019259929656982422
93,0.009104728698730469
94,0
94,0.0110015869140625
95,0.019991159439086914
96,0.009409427642822266
97,0.01197195053100586
98,0.00901174545288086
99,0.011287212371826172
100,0.00840306282043457
101,0.011014938354492188
102,0.012166976928710938
103,0.010139703750610352
104,0.011404991149902344
105,0.013069629669189453
106,0.015160322189331055
107,0.01706099510192871
108,0.016257762908935547
109,0.013931512832641602
110,0.042064666748046875
111,0.010102987289428711
112,0.01598811149597168
113,0.012401580810546875
114,0.010999202728271484
115,0.010097742080688477
116,0.016049623489379883
117,0.01206827163696289
118,0.009272575378417969
119,0.038160085678100586
120,0.017978191375732422
121,0.023903608322143555
122,0.010076284408569336
123,0.021152973175048828
124,0.030048847198486328
125,0.03493380546569824
126,0.010269880294799805
127,0.013236761093139648
128,0.010242462158203125
129,0.013247966766357422
130,0.010336637496948242
131,0.008356571197509766
132,0.009417533874511719
133,0.017986297607421875
134,0.01607346534729004
135,0.008399486541748047
136,0.040256500244140625
137,0.015093326568603516
138,0.037145376205444336
139,0.028411388397216797
140,0.026253461837768555
141,0.00807952880859375
142,0.017167329788208008
143,0.009279727935791016
144,0.008056163787841797
145,0.015324831008911133
146,0.04022622108459473
147,0.015923500061035156
148,0.012270212173461914
149,0.013068437576293945
150,0.012144088745117188
151,0.0073168277740478516
152,0.023935794830322266
153,0.014471054077148438
154,0.01145625114440918
155,0.033914804458618164
156,0.0389246940612793
157,0.03132224082946777
158,0.009487390518188477
159,0.010262489318847656
160,0.008230924606323242
161,0.02730417251586914
162,0.02317070960998535
163,0.03262758255004883
164,0.025106191635131836
165,0.023288726806640625
166,0.011075735092163086
167,0.013092041015625
168,0.010015726089477539
169,0.010466814041137695
170,0.012407541275024414
171,0.009080886840820312
172,0.01406407356262207
173,0.01534891128540039
174,0.037212371826171875
175,0.03339838981628418
176,0.010048627853393555
177,0.023110151290893555
178,0.011499881744384766
179,0.012269020080566406
180,0.009026527404785156
181,0.010112762451171875
182,0.009205102920532227
183,0.011312246322631836
184,0.012174129486083984
185,0.008026361465454102
186,0.008151054382324219
187,0.013098955154418945
188,0.00924992561340332
189,0.0162508487701416
190,0.01696038246154785
191,0.008154869079589844
192,0.027924299240112305
193,0.010130882263183594
194,0.010961055755615234
195,0.007998466491699219
196,0.0279238224029541
197,0.011564016342163086
198,0.01026606559753418
199,0.03593564033508301
200,0.06544733047485352
201,0.012201547622680664
202,0.017952680587768555
203,0.011969566345214844
204,0.012954950332641602
205,0.0289461612701416
206,0.024964570999145508
207,0.008143424987792969
208,0.013283729553222656
209,0.00794672966003418
210,0.010094404220581055
211,0.03002786636352539
212,0.017094135284423828
213,0.00914621353149414
214,0.013065814971923828
215,0.013358116149902344
216,0.01197361946105957
217,0.016930818557739258
218,0.013976097106933594
219,0.018944501876831055
220,0.01096963882446289
221,0.012964248657226562
222,0.010940074920654297
223,0.029887676239013672
224,0.012135982513427734
225,0.009285449981689453
226,0.009978532791137695
227,0.009006023406982422
228,0.02214503288269043
229,0.026957035064697266
230,0.028067350387573242
231,0.02892160415649414
232,0.010123968124389648
233,0.007945537567138672
234,0.019205808639526367
235,0.00997304916381836
236,0.02596282958984375
237,0.01093602180480957
238,0.007949590682983398
239,0.010217905044555664
240,0.009418964385986328
241,0.02207636833190918
242,0.008077144622802734
243,0.00914621353149414
244,0.012966394424438477
245,0.007978200912475586
246,0.011967897415161133
247,0.011967658996582031
248,0.021942853927612305
249,0.026927947998046875
250,0.009971380233764648
251,0.028922319412231445
252,0.01223301887512207
253,0.014985322952270508
254,0.010079383850097656
255,0.012064456939697266
256,0.01120305061340332
257,0.012269735336303711
258,0.013064861297607422
259,0.012111663818359375
260,0.017084121704101562
261,0.011372566223144531
262,0.020939111709594727
263,0.008233785629272461
264,0.03393721580505371
265,0.011263370513916016
266,0.01111292839050293
267,0.028921842575073242
268,0.02196526527404785
269,0.010974407196044922
270,0.01006317138671875
271,0.013124704360961914
272,0.03194141387939453
273,0.010939598083496094
274,0.011015892028808594
275,0.01622796058654785
276,0.03005242347717285
277,0.021130084991455078
278,0.013261795043945312
279,0.009185791015625
280,0.010072469711303711
281,0.010504484176635742
282,0.011205673217773438
283,0.010076284408569336
284,0.03394198417663574
285,0.03528404235839844
286,0.05619192123413086
287,0.009947538375854492
288,0.024106979370117188
289,0.010140657424926758
290,0.03690004348754883
291,0.011094808578491211
292,0.021938562393188477
293,0.022272825241088867
294,0.010255098342895508
295,0.01097869873046875
296,0.00811147689819336
297,0.024068593978881836
298,0.008040189743041992
299,0.01637554168701172
300,0.009147167205810547
301,0.012039899826049805
302,0.028085708618164062
303,0.022110462188720703
304,0.009006023406982422
305,0.00922083854675293
306,0.010076761245727539
307,0.010077714920043945
308,0.016942262649536133
309,0.027957439422607422
310,0.023901939392089844
311,0.010259866714477539
312,0.010996580123901367
313,0.009979486465454102
314,0.017154216766357422
315,0.03432512283325195
316,0.022122621536254883
317,0.01814889907836914
318,0.016098737716674805
319,0.009974956512451172
320,0.013243436813354492
321,0.04120898246765137
322,0.023546218872070312
323,0.012117147445678711
324,0.008190393447875977
325,0.017337799072265625
326,0.013180017471313477
327,0.016965627670288086
328,0.018972396850585938
329,0.029887914657592773
330,0.04283618927001953
331,0.008123159408569336
332,0.012317180633544922
333,0.023885250091552734
334,0.015026092529296875
335,0.012109756469726562
336,0.04413127899169922
337,0.016986608505249023
338,0.01216268539428711
339,0.009032011032104492
340,0.012987613677978516
341,0.03404712677001953
342,0.012097597122192383
343,0.024617910385131836
344,0.011028289794921875
345,0.010080337524414062
346,0.009035110473632812
347,0.02094292640686035
348,0.009984493255615234
349,0.02809882164001465
350,0.023110151290893555
351,0.00827789306640625
352,0.014536619186401367
353,0.00898432731628418
354,0.00810861587524414
355,0.010094881057739258
356,0.014995098114013672
357,0.01314997673034668
358,0.011960506439208984
359,0.009363174438476562
360,0.024227142333984375
361,0.012086153030395508
362,0.017947673797607422
363,0.011300325393676758
364,0.01010894775390625
365,0.01695537567138672
366,0.011096715927124023
367,0.008096933364868164
368,0.023935556411743164
369,0.009119272232055664
370,0.02191019058227539
371,0.010014772415161133
372,0.016187191009521484
373,0.008054971694946289
374,0.016378402709960938
375,0.00806117057800293
376,0.0070171356201171875
377,0.010965108871459961
378,0.02117323875427246
379,0.02201557159423828
380,0.02013707160949707
381,0.01026606559753418
382,0.012064695358276367
383,0.009942054748535156
384,0.016923904418945312
385,0.031945228576660156
386,0.011052131652832031
387,0.016202211380004883
388,0.013963460922241211
389,0.013106107711791992
390,0.02493453025817871
391,0.0111083984375
392,0.010110855102539062
393,0.02448725700378418
394,0.009979724884033203
395,0.008069753646850586
396,0.009053945541381836
397,0.010143280029296875
398,0.017982006072998047
399,0.009974956512451172
400,0.023939132690429688
401,0.021990537643432617
402,0.010128021240234375
403,0.008227348327636719
404,0.024299144744873047
405,0.009141921997070312
406,0.03507399559020996
407,0.011096477508544922
408,0.01027536392211914
409,0.007986307144165039
410,0.009274721145629883
411,0.020232677459716797
412,0.010047197341918945
413,0.008150100708007812
414,0.021909713745117188
415,0.01700115203857422
416,0.008260011672973633
417,0.03525662422180176
418,0.013289213180541992
419,0.013047933578491211
420,0.016932010650634766
421,0.07030820846557617
422,0.03211212158203125
423,0.010112285614013672
424,0.011092901229858398
425,0.02192997932434082
426,0.024579524993896484
427,0.04106402397155762
428,0.04207897186279297
429,0.016130685806274414
430,0.02710270881652832
431,0.015126705169677734
432,0.00810694694519043
433,0.01023411750793457
434,0.01641678810119629
435,0.012387752532958984
436,0.0308837890625
437,0.010028839111328125
438,0.009947776794433594
439,0
439,0.011003971099853516
440,0.03296065330505371
441,0.032441139221191406
442,0.02190995216369629
443,0.06030678749084473
444,0.015403032302856445
445,0.01154637336730957
446,0.01316976547241211
447,0.01791858673095703
448,0.00910043716430664
449,0.012935638427734375
450,0.02097606658935547
451,0.017971038818359375
452,0.021255016326904297
453,0.007956743240356445
454,0.011278152465820312
455,0.011118173599243164
456,0.01245260238647461
457,0.01834583282470703
458,0.011072874069213867
459,0.008118629455566406
460,0.025252819061279297
461,0.01206207275390625
462,0.01641058921813965
463,0.01010274887084961
464,0.02393174171447754
465,0.011068582534790039
466,0.011423110961914062
467,0.02293848991394043
468,0.009104013442993164
469,0.04090094566345215
470,0.013138771057128906
471,0.05369997024536133
472,0.0531766414642334
473,0.0370633602142334
474,0.026930570602416992
475,0.010195255279541016
476,0.02166604995727539
477,0.015315771102905273
478,0.009972333908081055
479,0.019181489944458008
480,0.0288846492767334
481,0.008113384246826172
482,0.019101619720458984
483,0.02595829963684082
484,0.009941816329956055
485,0.010103702545166016
486,0.024931669235229492
487,0.029920578002929688
488,0.010087251663208008
489,0.010248661041259766
490,0.008431673049926758
491,0.029122114181518555
492,0.04026532173156738
493,0.01724553108215332
494,0.011125802993774414
495,0.009935140609741211
496,0.0229799747467041
497,0.02444148063659668
498,0.028568744659423828
499,0.008426189422607422
500,0.012292146682739258
501,0.012264728546142578
502,0.010101556777954102
503,0.008069753646850586
504,0.01310873031616211
505,0.01529550552368164
506,0.008138656616210938
507,0.012024402618408203
508,0.03303384780883789
509,0.009142875671386719
510,0.0242464542388916
511,0.008248567581176758
512,0.010246515274047852
513,0.010064840316772461
514,0.007155656814575195
515,0.023079633712768555
516,0.026958942413330078
517,0.02390289306640625
518,0.02826833724975586
519,0.009225130081176758
520,0.015996217727661133
521,0.01671886444091797
522,0.010489940643310547
523,0.026123046875
524,0.02496504783630371
525,0.01940298080444336
526,0.03589963912963867
527,0.03539776802062988
528,0.015972614288330078
529,0.020938873291015625
530,0
530,0.0059773921966552734
531,0.037972211837768555
532,0.04126119613647461
533,0.03605365753173828
534,0.009165287017822266
535,0.012131214141845703
536,0.009249210357666016
537,0.010140657424926758
538,0.00807046890258789
539,0.022893190383911133
540,0.02111983299255371
541,0.009093284606933594
542,0.015236616134643555
543,0.014204978942871094
544,0.009352445602416992
545,0.012074947357177734
546,0.011108160018920898
547,0.008157014846801758
548,0.010365962982177734
549,0.022309541702270508
550,0.013468027114868164
551,0.016071319580078125
552,0.024138450622558594
553,0.015957355499267578
554,0.017917394638061523
555,0.008110284805297852
556,0.017917394638061523
557,0.01795220375061035
558,0.01306605339050293
559,0.024916410446166992
560,0.007116079330444336
561,0.019109725952148438
562,0.011265039443969727
563,0.011939048767089844
564,0.00810861587524414
565,0.02293682098388672
566,0.008170843124389648
567,0.017038583755493164
568,0.022030115127563477
569,0.022969722747802734
570,0.010290861129760742
571,0.009137153625488281
572,0.012119293212890625
573,0.021018266677856445
574,0.010145425796508789
575,0.017029762268066406
576,0.02215576171875
577,0.02091193199157715
578,0.009238243103027344
579,0.022283554077148438
580,0.009973526000976562
581,0.015276193618774414
582,0.01109933853149414
583,0.021192550659179688
584,0.012043237686157227
585,0.010198593139648438
586,0.008072137832641602
587,0.02327871322631836
588,0.010941505432128906
589,0.015990257263183594
590,0.008017539978027344
591,0.008172988891601562
592,0.011059761047363281
593,0.008131265640258789
594,0.007186174392700195
595,0.0708472728729248
596,0.017267942428588867
597,0.012520074844360352
598,0.00901031494140625
599,0.034119606018066406
600,0.011934041976928711
601,0.15309882164001465
602,0.09453368186950684
603,0.04557347297668457
604,0.011104822158813477
605,0.010048866271972656
606,0.022641897201538086
607,0.019276142120361328
608,0.03641843795776367
609,0.01634979248046875
610,0.022236108779907227
611,0.032343387603759766
612,0.028131961822509766
613,0.02895522117614746
614,0.05700373649597168
615,0.011938095092773438
616,0.02743387222290039
617,0.011131525039672852
618,0.01714158058166504
619,0.07595014572143555
620,0.027142047882080078
621,0.01317596435546875
622,0.010196208953857422
623,0.01915121078491211
624,0.02808666229248047
625,0.024964570999145508
626,0.023935556411743164
627,0.012196540832519531
628,0.013068199157714844
629,0.010938882827758789
630,0.015138864517211914
631,0.03206586837768555
632,0.008080482482910156
633,0.011297225952148438
634,0.025412321090698242
635,0.025222301483154297
636,0.01822686195373535
637,0.013388633728027344
638,0.03424787521362305
639,0.011000394821166992
640,0.009117603302001953
641,0.027957439422607422
642,0.00903940200805664
643,0.01221776008605957
644,0.015167236328125
645,0.018160104751586914
646,0.013123035430908203
647,0.016103267669677734
648,0.03191494941711426
649,0.014317512512207031
650,0.013930797576904297
651,0
651,0.0
652,0.015022754669189453
653,0.026000022888183594
654,0.036536216735839844
655,0.01512289047241211
656,0.031430721282958984
657,0.007982015609741211
658,0.021973133087158203
659,0.010112285614013672
660,0.012273073196411133
661,0.021326303482055664
662,0.011067390441894531
663,0.011114120483398438
664,0.01008749008178711
665,0.03731727600097656
666,0.008946418762207031
667,0.00807809829711914
668,0.03824806213378906
669,0.008112192153930664
670,0.03590679168701172
671,0.011222362518310547
672,0.009965896606445312
673,0.012146949768066406
674,0.009025335311889648
675,0.018913745880126953
676,0.022113323211669922
677,0.01116490364074707
678,0.010970592498779297
679,0.00935673713684082
680,0.010299921035766602
681,0.011269569396972656
682,0.011991500854492188
683,0.010073184967041016
684,0.014163017272949219
685,0.01622295379638672
686,0.01136159896850586
687,0.01099705696105957
688,0.027921676635742188
689,0.008014202117919922
690,0.021327733993530273
691,0.013203620910644531
692,0.009941816329956055
693,0.012481689453125
694,0
694,0.03889608383178711
695,0.017139434814453125
696,0
696,0.0
697,0.0329592227935791
698,0.012104034423828125
699,0.01107478141784668
700,0.01110219955444336
701,0.009288311004638672
702,0.011118650436401367
703,0.009255647659301758
704,0.026066064834594727
705,0.015929460525512695
706,0.018206357955932617
707,0.017360925674438477
708,0.027027368545532227
709,0.015055418014526367
710,0.01311182975769043
711,0
711,0.03490614891052246
712,0.03946089744567871
713,0.04309558868408203
714,0.031126976013183594
715,0.0234677791595459
716,0.012537002563476562
717,0.017121315002441406
718,0.007949352264404297
719,0.010296106338500977
720,0.009434700012207031
721,0.008299112319946289
722,0.022906064987182617
723,0.012192487716674805
724,0.010999441146850586
725,0.009145259857177734
726,0.021075963973999023
727,0.007196187973022461
728,0.04011106491088867
729,0.007216691970825195
730,0
730,0.0
731,0.03299903869628906
732,0.02852034568786621
733,0.01883530616760254
734,0.010121822357177734
735,0.00812840461730957
736,0.011114835739135742
737,0.008208274841308594
738,0.027931928634643555
739,0.011093616485595703
740,0.021453142166137695
741,0.01609945297241211
742,0.012238025665283203
743,0.041018009185791016
744,0.008009672164916992
745,0.00820302963256836
746,0.00911569595336914
747,0.02231597900390625
748,0.016213417053222656
749,0.010124444961547852
750,0.027173995971679688
751,0.010471582412719727
752,0.012423515319824219
753,0.019915342330932617
754,0.013512849807739258
755,0.02826690673828125
756,0.020092010498046875
757,0.011176109313964844
758,0.02704596519470215
759,0.008073568344116211
760,0.00811910629272461
761,0.009232759475708008
762,0.009107589721679688
763,0.01124715805053711
764,0.018207073211669922
765,0.010450363159179688
766,0.027107954025268555
767,0.01141667366027832
768,0.010072708129882812
769,0.014173030853271484
770,0.008194684982299805
771,0.009113788604736328
772,0.011075973510742188
773,0.009198665618896484
774,0.008255720138549805
775,0.03209972381591797
776,0.021906137466430664
777,0.01795339584350586
778,0.009069442749023438
779,0.013249635696411133
780,0.021909713745117188
781,0.01816701889038086
782,0.011247396469116211
783,0.027922391891479492
784,0.0072171688079833984
785,0.01108241081237793
786,0.009069681167602539
787,0.010274648666381836
788,0.02293705940246582
789,0.011070966720581055
790,0.010246515274047852
791,0.022905588150024414
792,0.007982015609741211
793,0.015990734100341797
794,0
794,0.005984306335449219
795,0.013031482696533203
796,0.024086713790893555
797,0.054765939712524414
798,0.0380399227142334
799,0.03490138053894043
800,0.015228271484375
801,0.05352306365966797
802,0.027700424194335938
803,0.014403820037841797
804,0.009116172790527344
805,0.015502452850341797
806,0.010108709335327148
807,0.008109807968139648
808,0.011070728302001953
809,0.008174419403076172
810,0.008291482925415039
811,0.03022313117980957
812,0.009945869445800781
813,0.045090675354003906
814,0.018918752670288086
815,0.01032400131225586
816,0.022293567657470703
817,0.03013753890991211
818,0.011968374252319336
819,0.009109258651733398
820,0.009047985076904297
821,0.012277603149414062
822,0.017093658447265625
823,0.015958309173583984
824,0.011312007904052734
825,0.009073495864868164
826,0.009280681610107422
827,0.01730060577392578
828,0.013228178024291992
829,0.013426780700683594
830,0.02891683578491211
831,0.009198665618896484
832,0.008286237716674805
833,0.010271072387695312
834,0.015139341354370117
835,0.010156869888305664
836,0
836,0.013962507247924805
837,0.0159604549407959
838,0.012166023254394531
839,0.013067245483398438
840,0.0169217586517334
841,0.007942914962768555
842,0.03930258750915527
843,0.00807499885559082
844,0.010299205780029297
845,0.011250495910644531
846,0.011111259460449219
847,0.012783527374267578
848,0.008070945739746094
849,0.009973287582397461
850,0.010308980941772461
851,0
851,0.028923749923706055
852,0.01795220375061035
853,0.008052587509155273
854,0.010030984878540039
855,0.010105609893798828
856,0.008036613464355469
857,0.010255098342895508
858,0.010011672973632812
859,0.011990547180175781
860,0.010076284408569336
861,0.013292312622070312
862,0.008450031280517578
863,0.015195369720458984
864,0.018023252487182617
865,0.008133649826049805
866,0.011275529861450195
867,0.011251449584960938
868,0.009006977081298828
869,0.0144500732421875
870,0.016402482986450195
871,0.011416912078857422
872,0.024268388748168945
873,0.008106708526611328
874,0.008237361907958984
875,0.010077238082885742
876,0.010106086730957031
877,0.008469581604003906
878,0.012256383895874023
879,0.02324843406677246
880,0.016083478927612305
881,0.023177385330200195
882,0.03490447998046875
883,0.04089474678039551
884,0.028326988220214844
885,0.014431238174438477
886,0.014301776885986328
887,0.014272212982177734
888,0.04291844367980957
889,0.034471750259399414
890,0.010956525802612305
891,0.019138336181640625
892,0.02908039093017578
893,0.010021448135375977
894,0.008112192153930664
895,0.021901607513427734
896,0.009296178817749023
897,0.0112457275390625
898,0.02211475372314453
899,0.01209568977355957
900,0.009107828140258789
901,0.012459754943847656
902,0.028957843780517578
903,0.011273622512817383
904,0.014957427978515625
905,0.0432736873626709
906,0.018404245376586914
907,0.009281158447265625
908,0.011939048767089844
909,0.016668319702148438
910,0.011147022247314453
911,0.02491450309753418
912,0.02610492706298828
913,0.014987945556640625
914,0.03390669822692871
915,0.01894664764404297
916,0.008120059967041016
917,0.016981840133666992
918,0.015220403671264648
919,0.02716994285583496
920,0.018152952194213867
921,0.010288238525390625
922,0.018262386322021484
923,0.012241125106811523
924,0.008110761642456055
925,0.009191513061523438
926,0.009079456329345703
927,0.011224746704101562
928,0.016012191772460938
929,0.015279531478881836
930,0.011175155639648438
931,0.00925898551940918
932,0.021097183227539062
933,0.008977413177490234
934,0.010409116744995117
935,0.019262075424194336
936,0.012994527816772461
937,0.02817082405090332
938,0.013092994689941406
939,0.013311624526977539
940,0.019067764282226562
941,0.0250093936920166
942,0.025282621383666992
943,0.020221710205078125
944,0.02121138572692871
945,0.0599365234375
946,0.11870288848876953
947,0.04889535903930664
948,0.032173871994018555
949,0.023221731185913086
950,0.012948274612426758
951,0.012202262878417969
952,0.012062311172485352
953,0.011412858963012695
954,0.03604841232299805
955,0.00924992561340332
956,0.009157180786132812
957,0.011092424392700195
958,0.011237859725952148
959,0.010076761245727539
960,0.011275529861450195
961,0.00828409194946289
962,0.011148452758789062
963,0.011065959930419922
964,0.01595759391784668
965,0
965,0.005950450897216797
966,0.013149023056030273
967,0.018033266067504883
968,0.010241985321044922
969,0.00925302505493164
970,0.011058807373046875
971,0.016129016876220703
972,0.009974956512451172
973,0.01126408576965332
974,0.037578582763671875
975,0.010069847106933594
976,0.0214083194732666
977,0.0263671875
978,0.01704573631286621
979,0.022124528884887695
980,0.02409195899963379
981,0.010072946548461914
982,0
982,0.011002063751220703
983,0.015427827835083008
984,0.010024785995483398
985,0.017758607864379883
986,0.008186578750610352
987,0.03291893005371094
988,0.007947206497192383
989,0.011379718780517578
990,0.024518251419067383
991,0.018584251403808594
992,0.013239145278930664
993,0.008181095123291016
994,0.008180379867553711
995,0.0161285400390625
996,0.011452674865722656
997,0.008108854293823242
998,0.010263919830322266
999,0.010103702545166016
1000,0.010136604309082031
1001,0.008992433547973633
1002,0.02620840072631836
1003,0.01128244400024414
1004,0.015326499938964844
1005,0.009963035583496094
1006,0.012161493301391602
1007,0.022823333740234375
1008,0.01015019416809082
1009,0.03408527374267578
1010,0.015112161636352539
1011,0.009392499923706055
1012,0.011239290237426758
1013,0.017095565795898438
1014,0.027891159057617188
1015,0.011325836181640625
1016,0.010167598724365234
1017,0.021306991577148438
1018,0.027969837188720703
1019,0.014998435974121094
1020,0.009243249893188477
1021,0.016086101531982422
10.152.26.154,1039.2737171649933
84,0.018984556198120117
85,0.015923738479614258
86,0.015938282012939453
87,0.02319622039794922
88,0.017987966537475586
89,0.04794454574584961
90,0.019085407257080078
91,0.01795220375061035
92,0.028961896896362305
93,0.02120208740234375
94,0.015000581741333008
95,0.019173622131347656
96,0.016986608505249023
97,0.02314019203186035
98,0.016940593719482422
99,0.017159461975097656
100,0.025781869888305664
101,0.0202939510345459
102,0.010262250900268555
103,0.015957355499267578
104,0.020386219024658203
105,0.03490400314331055
106,0.012171030044555664
107,0.06218671798706055
108,0.017947673797607422
109,0.022485733032226562
110,0.018124818801879883
111,0.02324676513671875
112,0.022244930267333984
113,0.025278091430664062
114,0.017189741134643555
115,0.017951488494873047
116,0.02293848991394043
117,0.023641347885131836
118,0.01891493797302246
119,0.017979145050048828
120,0.02440667152404785
121,0.019066810607910156
122,0.01795172691345215
123,0.02097916603088379
124,0.011937856674194336
125,0
125,0.0059833526611328125
126,0
126,0.011000871658325195
127,0.0359034538269043
128,0.023962736129760742
129,0.012020111083984375
130,0.017943620681762695
131,0.02397632598876953
132,0
132,0.011935234069824219
133,0.01991558074951172
134,0.024068355560302734
135,0.021941661834716797
136,0.024351835250854492
137,0.018950223922729492
138,0.033110857009887695
139,0.022148847579956055
140,0.05481743812561035
141,0.02123570442199707
142,0.018960952758789062
143,0.015149354934692383
144,0.02031850814819336
145,0.024932146072387695
146,0.017424345016479492
147,0.02097606658935547
148,0.0487062931060791
149,0.031083106994628906
150,0.016945362091064453
151,0.018332481384277344
152,0.021150827407836914
153,0.028098106384277344
154,0.01702427864074707
155,0.04285478591918945
156,0.031227827072143555
157,0.01696920394897461
158,0.02114129066467285
159,0.019114017486572266
160,0.021313905715942383
161,0.023940086364746094
162,0.016958236694335938
163,0.01830458641052246
164,0.016248464584350586
165,0.0169522762298584
166,0.013130426406860352
167,0.017063140869140625
168,0.011404991149902344
169,0.02001810073852539
170,0.03410935401916504
171,0
171,0.011964559555053711
172,0.03512740135192871
173,0.013931512832641602
174,0.024112701416015625
175,0.015987396240234375
176,0.016954660415649414
177,0.0182797908782959
178,0.010999202728271484
179,0.024059772491455078
180,0.033006906509399414
181,0.019942760467529297
182,0
182,0.0
183,0.03217577934265137
184,0.018975019454956055
185,0.010990142822265625
186,0.016924142837524414
187,0.021152973175048828
188,0.030048847198486328
189,0.02297353744506836
190,0.017153501510620117
191,0.020107269287109375
192,0.02310323715209961
193,0.02711033821105957
194,0.01625990867614746
195,0.021221399307250977
196,0.02324652671813965
197,0.01698899269104004
198,0.01607346534729004
199,0.025298357009887695
200,0.0462193489074707
201,0.024050474166870117
202,0.031159400939941406
203,0.028411388397216797
204,0.026253461837768555
205,0.020944833755493164
206,0.010149955749511719
207,0.022141456604003906
208,0.020931482315063477
209,0
209,0
209,0.01696014404296875
210,0.04620957374572754
211,0.015923500061035156
212,0.02513575553894043
213,0.013068437576293945
214,0.020148515701293945
215,0.03129076957702637
216,0.022974014282226562
217,0.019457578659057617
218,0.024453401565551758
219,0.014934062957763672
220,0.0389246940612793
221,0.03930091857910156
222,0.01843857765197754
223,0.017272233963012695
224,0.017157793045043945
225,0
225,0.0
226,0.047136545181274414
227,0.037613868713378906
228,0.019122600555419922
229,0.029272079467773438
230,0.016954660415649414
231,0.02696084976196289
232,0.020981788635253906
233,0.023294687271118164
234,0.019255876541137695
235,0
235,0.0
236,0.045908451080322266
237,0.01634955406188965
238,0
238,0
238,0.07576251029968262
239,0.02056407928466797
240,0.09973335266113281
241,0.023110151290893555
242,0.016516447067260742
243,0.030127525329589844
244,0.017986059188842773
245,0.022935867309570312
246,0.01712179183959961
247,0
247,0.1266624927520752
248,0.035027503967285156
249,0.07483553886413574
250,0.02211785316467285
251,0.053990840911865234
252,0.08906674385070801
253,0.017157316207885742
254,0.022934913635253906
255,0.016011714935302734
256,0.02197265625
257,0.02200937271118164
258,0.016948461532592773
259,0.0329127311706543
260,0.0329434871673584
261,0.0593109130859375
262,0.017124176025390625
263,0.013964653015136719
264,0
264,0.06978201866149902
265,0
265,0.11768436431884766
266,0.030917644500732422
267,0.11672234535217285
268,0.025931596755981445
269,0.04191255569458008
270,0.023967981338500977
271,0.017153024673461914
272,0.03412055969238281
273,0.0279233455657959
274,0.01702141761779785
275,0.018092870712280273
276,0.02906203269958496
277,0.016125917434692383
278,0
278,0.03490734100341797
279,0.02626776695251465
280,0.04890584945678711
281,0.04684019088745117
282,0.017960309982299805
283,0.018944501876831055
284,0.04587602615356445
285,0.012964248657226562
286,0.02493596076965332
287,0.029887676239013672
288,0.019116878509521484
289,0.0650019645690918
290,0.015994787216186523
291,0.11668992042541504
292,0.016150474548339844
293,0.010068655014038086
294,0.016099214553833008
295,0.02393627166748047
296,0.021126985549926758
297,0.01595783233642578
298,0.03020930290222168
299,0.06282949447631836
300,0.02596282958984375
301,0.02294015884399414
302,0.04387974739074707
303,0.01719808578491211
304,0.02926945686340332
305,0.01609349250793457
306,0.026928186416625977
307,0
307,0.10175704956054688
308,0.013088703155517578
309,0.02794027328491211
310,0.030916929244995117
311,0.08577156066894531
312,0.02094578742980957
313,0.13465046882629395
314,0.02689385414123535
315,0
315,0.040854692459106445
316,0.025104284286499023
317,0.021943092346191406
318,0.02390456199645996
319,0.023934602737426758
320,0.01120305061340332
321,0.012269735336303711
322,0.028916597366333008
323,0.018123626708984375
324,0
324,0.07878947257995605
325,0.027236223220825195
326,0.0478971004486084
327,0.02211284637451172
328,0.02795100212097168
329,0.01617884635925293
330,0.024075746536254883
331,0.023903846740722656
332,0.015978336334228516
333,0.029921531677246094
334,0.017912626266479492
335,0.01913738250732422
336,0.019976377487182617
337,0.0907597541809082
338,0.40100741386413574
339,0.10687732696533203
340,0.04700636863708496
341,0.13884210586547852
342,0.0600123405456543
343,0.0240781307220459
344,0.027924537658691406
345,0.011501312255859375
346,0.0181272029876709
347,0.11767721176147461
348,0.03992033004760742
349,0.04223155975341797
350,0.09611821174621582
351,0.06582951545715332
352,0.0351102352142334
353,0.019153356552124023
354,0.018984079360961914
355,0.07390546798706055
356,0.015955448150634766
357,0.016294479370117188
358,0.010255098342895508
359,0.04088568687438965
360,0.018115997314453125
361,0.030950069427490234
362,0.027928590774536133
363,0.030366897583007812
364,0.020154237747192383
365,0.019022703170776367
366,0.033100128173828125
367,0.022110462188720703
368,0.016025304794311523
369,0.9436554908752441
370,0.011074066162109375
371,0.01595616340637207
372,0.016942262649536133
373,0.027957439422607422
374,0.023901939392089844
375,0.02308964729309082
376,0.0309140682220459
377,0.017985820770263672
378,0
378,0.03489804267883301
379,0.03432512283325195
380,0.022122621536254883
381,0.07097506523132324
382,0.09488797187805176
383,0.02196669578552246
384,0
384,0
384,0.017917156219482422
385,0
385,0.035902976989746094
386,0.0444791316986084
387,0.03312087059020996
388,0.028075218200683594
389,0.030272483825683594
390,0.034157514572143555
391,0.0698549747467041
392,0.018972396850585938
393,0.017919540405273438
394,0.04283618927001953
395,0.02514362335205078
396,0.06421136856079102
397,0.023885250091552734
398,0.06385588645935059
399,0.018121957778930664
400,0.03216123580932617
401,0.009108781814575195
402,0.01216268539428711
403,0.01798415184020996
404,0.018938779830932617
405,0.010124444961547852
406,0
406,0.10571503639221191
407,0.04357004165649414
408,0.1047203540802002
409,0.02706623077392578
410,0.015956878662109375
411,0.02094292640686035
412,0
412,0.11073040962219238
413,0.015139579772949219
414,0.01712179183959961
415,0.03024911880493164
416,0.021488666534423828
417,0.02102041244506836
418,0.02097773551940918
419,0.016947269439697266
420,0.02097630500793457
421,0.03512167930603027
422,0.03590130805969238
423,0.13300156593322754
424,0.024227142333984375
425,0.03991055488586426
426,0.017947673797607422
427,0.024120330810546875
428,0.08480310440063477
429,0.01695537567138672
430,0.017951250076293945
431,0.01599264144897461
432,0.017951250076293945
433,0.06303143501281738
434,0.015958070755004883
435,0.016945600509643555
436,0.03408694267272949
437,0.02803325653076172
438,0.016378402709960938
439,0.03393864631652832
440,0.04694533348083496
441,0.017960548400878906
442,0.09999418258666992
443,0
443,0.12266945838928223
444,0.031106948852539062
445,0.018114089965820312
446,0.023935556411743164
447,0
447,0.12068724632263184
448,0.04388284683227539
449,0.013031482696533203
450,0.023015975952148438
451,0.023075342178344727
452,0.11372780799865723
453,0.019961833953857422
454,0.02493453025817871
455,0.09585237503051758
456,0.022988319396972656
457,0.025420427322387695
458,0.018949031829833984
459,0.01499032974243164
460,0.01806354522705078
461,0.028165817260742188
462,0.14362072944641113
463,0.01598978042602539
464,0
464,0.12465357780456543
465,0.03993940353393555
466,0.017023563385009766
467,0.027143478393554688
468,0.03626608848571777
469,0.0848383903503418
470,0.04202461242675781
471,0.09873557090759277
472,0.022113323211669922
473,0.01695394515991211
474,0.022151708602905273
475,0.020232677459716797
476,0.01805567741394043
477,0.02115154266357422
478,0.015006303787231445
479,0.022959470748901367
480,0.05502486228942871
481,0.036222219467163086
482,0.014156818389892578
483,0
483,0.09870457649230957
484,0.046874284744262695
485,0.16795134544372559
486,0.10987615585327148
487,0.021143436431884766
488,0.0229642391204834
489,0
489,0.03490638732910156
490,0.045472145080566406
491,0.0232388973236084
492,0.10889554023742676
493,0.02211308479309082
494,0.015128850936889648
495,0.015126705169677734
496,0.027925968170166016
497,0.015248537063598633
498,0.030252695083618164
499,0.012387752532958984
500,0.04188084602355957
501,0.015985965728759766
502,0.021941661834716797
503,0.015185832977294922
504,0.12571287155151367
505,0.043425798416137695
506,0.1296536922454834
507,0.0543210506439209
508,0.022375106811523438
509,0.02733302116394043
510,0.019121885299682617
511,0.13663268089294434
512,0.017951250076293945
513,0.012935638427734375
514,0.02097606658935547
515,0
515,0.03989863395690918
516,0.021255016326904297
517,0.01695537567138672
518,0.017299652099609375
519,0.019066572189331055
520,0.03326082229614258
521,0.03031468391418457
522,0.04085803031921387
523,0.10286617279052734
524,0.03029489517211914
525,0
525,0.11169648170471191
526,0.035253286361694336
527,0.02194046974182129
528,0.04783940315246582
529,0.01791977882385254
530,0.025246620178222656
531,0.02293848991394043
532,0.12569665908813477
533,0.022948503494262695
534,0.0241391658782959
535,0.05369997024536133
536,0.029241323471069336
537,0.03108072280883789
538,0.05585527420043945
539,0.040145158767700195
540,0.030537128448486328
541,0.03413200378417969
542,0.01499176025390625
543,0.01120448112487793
544,0.022933244705200195
545,0.02296590805053711
546,0.019101619720458984
547,0.014985799789428711
548,0.014994621276855469
549,0.016954421997070312
550,0
550,0.05285811424255371
551,0.012100934982299805
552,0.01596856117248535
553,0.0171358585357666
554,0.01527714729309082
555,0.023140907287597656
556,0.028301000595092773
557,0.01724553108215332
558,0.01895761489868164
559,0.022899627685546875
560,0
560,0.005990505218505859
561,0.011475324630737305
562,0.013609170913696289
563,0.023253202438354492
564,0.012292146682739258
565,0.012264728546142578
566,0.010101556777954102
567,0.027889251708984375
568,0.01310873031616211
569,0.01626133918762207
570,0.023113012313842773
571,0.01795196533203125
572,0.021055221557617188
573,0.014153480529785156
574,0.03023076057434082
575,0.017132043838500977
576,0.024109840393066406
577,0.010064840316772461
578,0.01613140106201172
579,0.023079633712768555
580,0.020969629287719727
581,0.010074138641357422
582,0.016293764114379883
583,0.10699820518493652
584,0.015996217727661133
585,0.02267932891845703
586,0.017470121383666992
587,0.020170927047729492
588,0.01896953582763672
589,0.0503232479095459
590,0.03589963912963867
591,0.023431777954101562
592,0.015972614288330078
593,0.014954805374145508
594,0.010496377944946289
595,0.012174129486083984
596,0.015300750732421875
597,0.03605365753173828
598,0.016016721725463867
599,0.012131214141845703
600,0.03208661079406738
601,0.023104429244995117
602,0.01698589324951172
603,0.04087400436401367
604,0.013174057006835938
605,0.05699801445007324
606,0.01721644401550293
607,0.021152019500732422
608,0.015299320220947266
609,0.012074947357177734
610,0.1268625259399414
611,0.022994041442871094
612,0.011365890502929688
613,0.017289161682128906
614,0.0204775333404541
615,0.016071319580078125
616,0.010277271270751953
617,0.015957355499267578
618,0.028921127319335938
619,0.01608896255493164
620,0.011075019836425781
621,0.01795220375061035
622,0.02004837989807129
623,0.024916410446166992
624,0.030050277709960938
625,0.019109725952148438
626,0.012262344360351562
627,0.01293635368347168
628,0.02194952964782715
629,0.028918027877807617
630,0.07097220420837402
631,0.011023759841918945
632,0.022030115127563477
633,0.01795172691345215
634,0.009427547454833984
635,0.01813507080078125
636,0.012119293212890625
637,0.015997886657714844
638,0.009279012680053711
639,0.017029762268066406
640,0.016176700592041016
641,0.02091193199157715
642,0.021144628524780273
643,0.028266429901123047
644,0.01798534393310547
645,0.048082828521728516
646,0.02297043800354004
647,0.03913712501525879
648,0.037929534912109375
649,0.03411459922790527
650,0.017949819564819336
651,0.022309303283691406
652,0.01695561408996582
653,0.015990257263183594
654,0.03296184539794922
655,0.01604771614074707
656,0.018043994903564453
657,0.016117334365844727
658,0.016198396682739258
659,0.01798391342163086
660,0.10303735733032227
661,0.013385295867919922
662,0.016985654830932617
663,0.01520681381225586
664,0.10770678520202637
665,0
665,0.07878923416137695
666,0.09553027153015137
667,0.11038994789123535
668,0.01997828483581543
669,0.021941661834716797
670,0.04449129104614258
671,0.027247190475463867
672,0.03738522529602051
673,0.030189990997314453
674,0.02818918228149414
675,0.021337509155273438
676,0.03408241271972656
677,0.01509237289428711
678,0.02716350555419922
679,0.02294015884399414
680,0.033419132232666016
681,0.0201416015625
682,0.01714158058166504
683,0.16567683219909668
684,0.014150857925415039
685,0.12281942367553711
686,0.023032665252685547
687,0.025134801864624023
688,0.02808666229248047
689,0.013063907623291016
690,0.047872066497802734
691,0.019245624542236328
692,0.026934146881103516
693,0
693,0.15259718894958496
694,0
694,0.07778072357177734
695,0.03905057907104492
696,0.0359036922454834
697,0
697,0.028957605361938477
698,0.015505552291870117
699,0.13190007209777832
700,0.09292244911193848
701,0
701,0.11768531799316406
702,0.022275209426879883
703,0.02393794059753418
704,0.015136003494262695
705,0.015958547592163086
706,0.016987085342407227
707,0.020163297653198242
708,0
708,0.011937379837036133
709,0.03402423858642578
710,0
710,0
710,0.0
711,0.031101703643798828
712,0.03790116310119629
713,0.03017115592956543
714,0.04587221145629883
715,0.01692342758178711
716,0.07580208778381348
717,0.038924455642700195
718,0.019591569900512695
719,0.038094282150268555
720,0.0164947509765625
721,0.11768603324890137
722,0.021973133087158203
723,0.02211475372314453
724,0.020120620727539062
725,0.02229166030883789
726,0.01599860191345215
727,0.054032087326049805
728,0.015955448150634766
729,0.019350051879882812
730,0.03294563293457031
731,0.021941423416137695
732,0.019330739974975586
733,0.019112586975097656
734,0.09272408485412598
735,0.01209115982055664
736,0.015988588333129883
737,0.012146949768066406
738,0.03694963455200195
739,0.011933088302612305
740,0.016135692596435547
741,0.023140668869018555
742,0.010970592498779297
743,0.023186445236206055
744,0.024141550064086914
745,0.0171506404876709
746,0.011991500854492188
747,0
747,0.011000394821166992
748,0
748,0.0
749,0.025106191635131836
750,0.01136159896850586
751,0.016993284225463867
752,0.027921676635742188
753,0.016987323760986328
754,0.016307830810546875
755,0.019156217575073242
756,0.010939359664916992
757,0.013346195220947266
758,0.027269840240478516
759,0.1537463665008545
760,0.025246858596801758
761,0.12072467803955078
762,0.017980337142944336
763,0.016959190368652344
764,0.058873891830444336
765,0.022153615951538086
766,0.011118650436401367
767,0.028109312057495117
768,0.026066064834594727
769,0
769,0.052895545959472656
770,0.02508687973022461
771,0.14192485809326172
772,0.04398179054260254
773,0.10371708869934082
774,0.028132915496826172
775,0.028936386108398438
776,0.06435656547546387
777,0.07700681686401367
778,0.13189005851745605
779,0.043314218521118164
780,0.019432783126831055
781,0.017121315002441406
782,0.019916772842407227
783,0.01916217803955078
784,0.02140641212463379
785,0.017176151275634766
786,0.016922473907470703
787,0.01306605339050293
788,0.01695704460144043
789,0.019152164459228516
790,0.1047523021697998
791,0
791,0.09973669052124023
792,0.04011106491088867
793,0.02310776710510254
794,0.024964332580566406
795,0.102813720703125
796,0.034502506256103516
797,0.1095895767211914
798,0.04403376579284668
799,0.01902604103088379
800,0.011976242065429688
801,0.07798576354980469
802,0.03391575813293457
803,0.01697993278503418
804,0.03940582275390625
805,0.01609945297241211
806,0.022116422653198242
807,0.07093644142150879
808,0.01698613166809082
809,0.016080141067504883
810,0.017989397048950195
811,0
811,0.09474658966064453
812,0.03505754470825195
813,0.027091503143310547
814,0.021190643310546875
815,0.017347097396850586
816,0.02442145347595215
817,0.10072588920593262
818,0.013512849807739258
819,0.040136098861694336
820,0.02710580825805664
821,0.01716136932373047
822,0.02010059356689453
823,0.0219419002532959
824,0.027129650115966797
825,0.021199464797973633
826,0.06383013725280762
827,0.03508186340332031
828,0.0241549015045166
829,0.01829838752746582
830,0.027107954025268555
831,0.06330704689025879
832,0.02788996696472168
833,0.10579395294189453
834,0.03408408164978027
835,0.019980669021606445
836,0.01705765724182129
837,0.021116256713867188
838,0.029102802276611328
839,0.03209972381591797
840,0.010071516036987305
841,0.010067224502563477
842,0.0169222354888916
843,0.01915717124938965
844,0.12965059280395508
845,0.019134521484375
846,0.03707742691040039
847,0.016956567764282227
848,0.017128467559814453
849,0.012046337127685547
850,0.014997482299804688
851,0.03416275978088379
852,0.02293705940246582
853,0.021043062210083008
854,0.01816105842590332
855,0.022905588150024414
856,0.01598358154296875
857,0.015990734100341797
858,0.026304244995117188
859,0
859,0.08876609802246094
860,0
860,0.05186581611633301
861,0.15749382972717285
862,0.03208494186401367
863,0.028926849365234375
864,0.03913116455078125
865,0.0544893741607666
866,0.04468679428100586
867,0.030271530151367188
868,0.015004158020019531
869,0.02338409423828125
870,0.11572384834289551
871,0.023934125900268555
872,0.011070728302001953
873,0.02213573455810547
874,0.02212071418762207
875,0.024237394332885742
876,0.02294015884399414
877,0.015168190002441406
878,0.018918752670288086
879,0.01032400131225586
880,0.022293567657470703
881,0.018171072006225586
882,0.011968374252319336
883,0.015957117080688477
884,0.028956174850463867
885,0.013145208358764648
886,0.02304673194885254
887,0.057877540588378906
888,0.018191814422607422
889,0.12067174911499023
890,0.017156362533569336
891,0.01730060577392578
892,0.019246578216552734
893,0.021371126174926758
894,0.02891683578491211
895,0.022063732147216797
896,0.027098655700683594
897,0.01712656021118164
898,0.016107797622680664
899,0.01612114906311035
900,0.02229785919189453
901,0.039923667907714844
902,0.02108311653137207
903,0.018937110900878906
904,0.021940946578979492
905,0.016919374465942383
906,0.028298616409301758
907,0.015955686569213867
908,0.018310070037841797
909,0.017172574996948242
910,0.02212977409362793
911,0.10041213035583496
912,0.016923189163208008
913,0.0169222354888916
914,0.01716899871826172
915,0.02065563201904297
916,0.08975911140441895
917,0.021976470947265625
918,0.04590964317321777
919,0.016955852508544922
920,0.08580279350280762
921,0.03422212600708008
922,0.016956806182861328
923,0.05987238883972168
924,0.021049976348876953
925,0.05616569519042969
926,0
926,0.0827786922454834
927,0.03118157386779785
928,0.018023252487182617
929,0.016060352325439453
930,0.01214289665222168
931,0.08890676498413086
932,0.020946025848388672
933,0.03436708450317383
934,0.023287057876586914
935,0.023289203643798828
936,0.02928900718688965
937,0.12270355224609375
938,0
938,0.11568689346313477
939,0.025929689407348633
940,0.015990734100341797
941,0.018339872360229492
942,0.02411675453186035
943,0
943,0.1825094223022461
944,0.04095721244812012
945,0.12291383743286133
946,0.14464783668518066
947,0.015955686569213867
948,0.11709117889404297
949,0.03627133369445801
950,0.04625129699707031
951,0.0382080078125
952,0.018062591552734375
953,0.10528159141540527
954,0.016939878463745117
955,0.019138336181640625
956,0.01711297035217285
957,0.06789374351501465
958,0.016967058181762695
959,0.015917539596557617
960,0.027109384536743164
961,0.023115158081054688
962,0.016129493713378906
963,0.01997971534729004
964,0.0189816951751709
965,0.01833939552307129
966,0.01795339584350586
967,0.017152786254882812
968,0.07978677749633789
969,0.04427194595336914
970,0.018404245376586914
971,0.015298843383789062
972,0.017954587936401367
973,0.022655725479125977
974,0.018096923828125
975,0.011052846908569336
976,0.0201113224029541
977,0.10374855995178223
978,0.021944761276245117
979,0.030914783477783203
980,0.023110628128051758
981,0
981,0.03391718864440918
982,0.0311737060546875
983,0.021185874938964844
984,0.02413487434387207
985,0.035088539123535156
986,0.018262386322021484
987,0.020092248916625977
988,0.06981229782104492
989,0.015146970748901367
990,0.026927471160888672
991,0.018091678619384766
992,0.0738825798034668
993,0.09999275207519531
994,0.024136066436767578
995,0.061019182205200195
996,0.10384106636047363
997,0.021976947784423828
998,0.01729416847229004
999,0.01128387451171875
1000,0.012994527816772461
1001,0.02915024757385254
1002,0
1002,0.08275938034057617
1003,0.03924250602722168
1004,0
1004,0.07480597496032715
1005,0.018037796020507812
1006,0.015278816223144531
1007,0.020221710205078125
1008,0
1008,0.11073660850524902
1009,0.022060394287109375
1010,0.16657423973083496
1011,0.03886079788208008
1012,0.032173871994018555
1013,0.023221731185913086
1014,0.018948793411254883
1015,0.06002044677734375
1016,0.012062311172485352
1017,0.023303985595703125
1018,0.019094467163085938
1019,0.04206395149230957
1020,0.021146059036254883
1021,0.020933151245117188
1022,0.05216360092163086
1023,0.04687976837158203
1024,0.018258333206176758
1025,0.06801939010620117
1026,0.018059492111206055
1027,0.04085969924926758
1028,0.0278928279876709
1029,0.027384519577026367
1030,0.1008141040802002
1031,0.018033266067504883
1032,0.018086910247802734
1033,0.017096281051635742
1034,0.06483030319213867
1035,0.016129016876220703
1036,0.01692938804626465
1037,0
1037,0.18852806091308594
1038,0.15925335884094238
1039,0.017051219940185547
1040,0.0214083194732666
1041,0.035265207290649414
1042,0.03291058540344238
1043,0.028107404708862305
1044,0.02409195899963379
1045,0.017057418823242188
1046,0.07401537895202637
1047,0.1369924545288086
1048,0.023994922637939453
1049,0.023642539978027344
1050,0.018190383911132812
1051,0.015964269638061523
1052,0.015926361083984375
1053,0.01823139190673828
1054,0.04237055778503418
1055,0.025594234466552734
1056,0.013239145278930664
1057,0.08993411064147949
1058,0.01609945297241211
1059,0.0161285400390625
1060,0.018404006958007812
1061,0.0209810733795166
1062,0.023119449615478516
1063,0.016948461532592773
1064,0.024101972579956055
1065,0.014966964721679688
1066,0.03222393989562988
1067,0.0171964168548584
1068,0.028290271759033203
1069,0.01994466781616211
1070,0.012161493301391602
1071,0.06760835647583008
1072,0.017101526260375977
1073,0.016133785247802734
1074,0.09689092636108398
1075,0.02225351333618164
1076,0.011239290237426758
1077,0.010114431381225586
1078,0.021940231323242188
1079,0.017211437225341797
1080,0.02808356285095215
1081,0.08609771728515625
1082,0.01600170135498047
1083,0.02097630500793457
1084,0.015124320983886719
1085,0.02206873893737793
