10.152.28.229,629.0274095535278
46,0.12514400482177734
47,0.007639646530151367
48,0.007208824157714844
49,0.00560450553894043
50,0.009727716445922852
51,0.013094902038574219
52,0.007792472839355469
53,0.00808405876159668
54,0.013180732727050781
55,0.012465953826904297
56,0.006281852722167969
57,0.00967264175415039
58,0.00914454460144043
59,0.00833582878112793
60,0.0069179534912109375
61,0.007872343063354492
62,0.009840726852416992
63,0.008641242980957031
64,0.008755922317504883
65,0.00996851921081543
66,0.006657123565673828
67,0.009079694747924805
68,0
68,0.03367757797241211
69,0
69,0.11325335502624512
70,0.007981538772583008
71,0.010790586471557617
72,0.009015083312988281
73,0.011863470077514648
74,0
74,0.015999317169189453
75,0.02101588249206543
76,0.034006595611572266
77,0.018259286880493164
78,0.008133411407470703
79,0.009323596954345703
80,0.013965845108032227
81,0.00933218002319336
82,0.005408763885498047
83,0.008771419525146484
84,0.010886192321777344
85,0.009240388870239258
86,0.009723663330078125
87,0.008080482482910156
88,0.014206171035766602
89,0.012103080749511719
90,0.012084245681762695
91,0.00763249397277832
92,0.01208639144897461
93,0.014914989471435547
94,0.01725029945373535
95,0.009572029113769531
96,0.008321523666381836
97,0.008152246475219727
98,0.008871316909790039
99,0.007528543472290039
100,0.011140108108520508
101,0.007191658020019531
102,0.00705718994140625
103,0.008265256881713867
104,0.009243488311767578
105,0.004914522171020508
106,0.008412599563598633
107,0.009530305862426758
108,0.006544828414916992
109,0.009656429290771484
110,0.008912324905395508
111,0.011073589324951172
112,0.007043600082397461
113,0.3710141181945801
114,0
114,0.007409334182739258
115,0.02301025390625
116,0.0076580047607421875
117,0.010420560836791992
118,0.008874893188476562
119,0.0050694942474365234
120,0.015130281448364258
121,0
121,0.01885223388671875
122,0.007684946060180664
123,0.012100458145141602
124,0.006383419036865234
125,0.009249210357666016
126,0.007950544357299805
127,0.010036945343017578
128,0.0077648162841796875
129,0.008759021759033203
130,0.0064542293548583984
131,0.007296085357666016
132,0.009046316146850586
133,0.009564876556396484
134,0.008575201034545898
135,0.008290529251098633
136,0.008078813552856445
137,0.010709762573242188
138,0.011295080184936523
139,0
139,0.01753997802734375
140,0.011301517486572266
141,0.01462697982788086
142,0.0611572265625
143,0.007573366165161133
144,0.0062754154205322266
145,0
145,0.09854412078857422
146,0.012243986129760742
147,0.006955623626708984
148,0.009325265884399414
149,0.004948616027832031
150,0.00885009765625
151,0.006818056106567383
152,0
152,0.04410862922668457
153,0.030418872833251953
154,0.009253263473510742
155,0.007059574127197266
156,0.010193347930908203
157,0.009432315826416016
158,0.014393091201782227
159,0.014247655868530273
160,0.009500265121459961
161,0.007968425750732422
162,0.00635838508605957
163,0
163,0.15166950225830078
164,0.009237051010131836
165,0.016048908233642578
166,0.0067577362060546875
167,0.008141517639160156
168,0.0073544979095458984
169,0.00676417350769043
170,0.007393598556518555
171,0.009233236312866211
172,0.0065419673919677734
173,0.011024236679077148
174,0.008977413177490234
175,0.008826732635498047
176,0.006756305694580078
177,0.010097265243530273
178,0.012922525405883789
179,0.007506608963012695
180,0.006272792816162109
181,0
181,0.07855701446533203
182,0.007765054702758789
183,0.35518789291381836
184,0.007139682769775391
185,0.008498907089233398
186,0.3444366455078125
187,0.0281980037689209
188,0.007111310958862305
189,0.008189678192138672
190,0.4132416248321533
191,0.00769495964050293
192,0.36089634895324707
193,0.009198188781738281
194,0.010552167892456055
195,0.0074465274810791016
196,0.007091999053955078
197,0.006851673126220703
198,0.01135110855102539
199,0.005952358245849609
200,0.008864879608154297
201,0.013412237167358398
202,0.008046150207519531
203,0.009121894836425781
204,0.0064961910247802734
205,0.006625652313232422
206,0.008837699890136719
207,0.008407115936279297
208,0
208,0.09326338768005371
209,0.008222341537475586
210,0.008764505386352539
211,0.0061664581298828125
212,0.012032270431518555
213,0.006768941879272461
214,0
214,0.05220651626586914
215,0.01011967658996582
216,0.005909919738769531
217,0.007310628890991211
218,0.008277177810668945
219,0.007771730422973633
220,0.006959199905395508
221,0.00805521011352539
222,0.007815361022949219
223,0.008020877838134766
224,0.009455204010009766
225,0.01168060302734375
226,0.006748676300048828
227,0.011362791061401367
228,0.012295722961425781
229,0.007852315902709961
230,0.008825063705444336
231,0
231,0.033293962478637695
232,0.006346464157104492
233,0.006760358810424805
234,0.009238481521606445
235,0.011744976043701172
236,0.01075124740600586
237,0.010378837585449219
238,0.013481378555297852
239,0.44193005561828613
240,0.09969615936279297
241,0.009007692337036133
242,0.4749913215637207
243,0.11090350151062012
244,0.00682377815246582
245,0.009032726287841797
246,0.00896906852722168
247,0.01112055778503418
248,0.005606174468994141
249,0.008823633193969727
250,0.008114099502563477
251,0.008831501007080078
252,0.007797718048095703
253,0.00799250602722168
254,0
254,0.07663154602050781
255,0.010807991027832031
256,0.13294243812561035
257,0
257,0.014381885528564453
258,0.00523686408996582
259,0.012624740600585938
260,0.010790348052978516
261,0.01115274429321289
262,0.00810694694519043
263,0.005903720855712891
264,0.009723663330078125
265,0.00860595703125
266,0.011477231979370117
267,0.010223150253295898
268,0.009580850601196289
269,0.007861137390136719
270,0.006979942321777344
271,0.006268024444580078
272,0.008494377136230469
273,0.007035970687866211
274,0.010767221450805664
275,0.004255056381225586
276,0.0064105987548828125
277,0.0068132877349853516
278,0.0069332122802734375
279,0.006528139114379883
280,0.00929570198059082
281,0.006812572479248047
282,0.008982181549072266
283,0.00687718391418457
284,0.0067784786224365234
285,0.006806135177612305
286,0.00661015510559082
287,0
287,0.16503429412841797
288,0.0073282718658447266
289,0.0072286128997802734
290,0.0064699649810791016
291,0.006521701812744141
292,0.007234334945678711
293,0
293,0.03562664985656738
294,0.007961511611938477
295,0.005190610885620117
296,0.010385274887084961
297,0.0074007511138916016
298,0.007539987564086914
299,0.007942914962768555
300,0.006601572036743164
301,0.012031793594360352
302,0.008677482604980469
303,0.0057218074798583984
304,0.009610891342163086
305,0.0035774707794189453
306,0.005134105682373047
307,0.010834932327270508
308,0.004473686218261719
309,0.006635189056396484
310,0.00633692741394043
311,0.0059659481048583984
312,0.008405447006225586
313,0.023621797561645508
314,0.014165878295898438
315,0.019689559936523438
316,0.018223047256469727
317,0
317,0.06906414031982422
318,0.008464813232421875
319,0.013452291488647461
320,0.006971836090087891
321,0.0063934326171875
322,0.008001327514648438
323,0.007750988006591797
324,0.007730245590209961
325,0.00526738166809082
326,0.0046825408935546875
327,0.013204574584960938
328,0.009483098983764648
329,0.010059356689453125
330,0.009013175964355469
331,0.009974479675292969
332,0.0063211917877197266
333,0.009606122970581055
334,0.007844686508178711
335,0.010573625564575195
336,0.010371208190917969
337,0.006191730499267578
338,0.010408401489257812
339,0.009989738464355469
340,0.009440422058105469
341,0.012704849243164062
342,0.009212255477905273
343,0.009707927703857422
344,0.03852128982543945
345,0.007566213607788086
346,0.010468482971191406
347,0.3309810161590576
348,0.006197929382324219
349,0.007434368133544922
350,0.008056879043579102
351,0.013330221176147461
352,0.008643388748168945
353,0.007994890213012695
354,0.00788259506225586
355,0.00779414176940918
356,0.008672237396240234
357,0.007368326187133789
358,0.009632110595703125
359,0.0078046321868896484
360,0.009621381759643555
361,0.006580352783203125
362,0.0074422359466552734
363,0.006696224212646484
364,0
364,0.09960126876831055
365,0.008872270584106445
366,0.011932134628295898
367,0.006754636764526367
368,0
368,0.12269711494445801
369,0.005051374435424805
370,0.013072967529296875
371,0.00834345817565918
372,0
372,0.012632369995117188
373,0.007395029067993164
374,0.010674238204956055
375,0.009246349334716797
376,0.008144617080688477
377,0.005187034606933594
378,0
378,0.45418238639831543
379,0.11955881118774414
380,0.012142658233642578
381,0.380889892578125
382,0.16135144233703613
383,0.010839462280273438
384,0.008116960525512695
385,0.008840084075927734
386,0.010108709335327148
387,0.010851144790649414
388,0.006726980209350586
389,0.007256507873535156
390,0.005094289779663086
391,0.008161306381225586
392,0.007977724075317383
393,0.007898569107055664
394,0.008867502212524414
395,0.00838160514831543
396,0.007505893707275391
397,0.01154470443725586
398,0.006836414337158203
399,0.008167743682861328
400,0
400,0.03797459602355957
401,0.007732391357421875
402,0.007875442504882812
403,0.00785207748413086
404,0.009443044662475586
405,0.008622169494628906
406,0.010437726974487305
407,0.032896995544433594
408,0.06019330024719238
409,0.004858493804931641
410,0.014629840850830078
411,0.009686708450317383
412,0.009954452514648438
413,0.00616765022277832
414,0.0076732635498046875
415,0.008160591125488281
416,0.010091066360473633
417,0.008373260498046875
418,0.01108241081237793
419,0.008119583129882812
420,0.008364439010620117
421,0.007955312728881836
422,0.009241342544555664
423,0.007177591323852539
424,0.012200355529785156
425,0.007956266403198242
426,0.010154485702514648
427,0.006964683532714844
428,0.009202003479003906
429,0.004814863204956055
430,0
430,0
430,0.15251827239990234
431,0.022161006927490234
432,0.007675886154174805
433,0.053038597106933594
434,0.15984654426574707
435,0.007256746292114258
436,0.01958489418029785
437,0.009648799896240234
438,0.0257260799407959
439,0.012708663940429688
440,0.006186485290527344
441,0.007106781005859375
442,0.013987541198730469
443,0.014331340789794922
444,0.00990438461303711
445,0
445,0.09660124778747559
446,0.0069789886474609375
447,0.012822628021240234
448,0.007117509841918945
449,0.008144855499267578
450,0.010834455490112305
451,0.007122993469238281
452,0.008051633834838867
453,0.011718273162841797
454,0.007867813110351562
455,0.01188969612121582
456,0.006776332855224609
457,0.004210472106933594
458,0.010219335556030273
459,0.008302688598632812
460,0.011640548706054688
461,0.006598472595214844
462,0.00982809066772461
463,0.01013946533203125
464,0.005050182342529297
465,0.011212348937988281
466,0.00920557975769043
467,0.012781381607055664
468,0.010329484939575195
469,0.008209466934204102
470,0.004972696304321289
471,0.007988929748535156
472,0.027618885040283203
473,0.01115870475769043
474,0
474,0.1660001277923584
475,0.0039520263671875
476,0.008172750473022461
477,0.008224964141845703
478,0.006471157073974609
479,0.008017778396606445
480,0.0070035457611083984
481,0.0077784061431884766
482,0.008295774459838867
483,0.010503053665161133
484,0.007319927215576172
485,0
485,0.11015844345092773
486,0
486,0.007953405380249023
487,0.012035369873046875
488,0.004411220550537109
489,0.005788326263427734
490,0.008408069610595703
491,0.010305166244506836
492,0.011687278747558594
493,0.0066530704498291016
494,0.009728670120239258
495,0.007342100143432617
496,0.009083986282348633
497,0.010324478149414062
498,0.0055866241455078125
499,0
499,0.15431714057922363
500,0.019971609115600586
501,0.009021997451782227
502,0
502,0.08961677551269531
503,0.014501333236694336
504,0.007502555847167969
505,0.01241159439086914
506,0.008101940155029297
507,0.01397085189819336
508,0.006178379058837891
509,0.006294727325439453
510,0.00952005386352539
511,0.010942935943603516
512,0.00967550277709961
513,0.005282163619995117
514,0.009582996368408203
515,0.007948637008666992
516,0.009439229965209961
517,0.0059626102447509766
518,0.009545564651489258
519,0.00872349739074707
520,0.005280256271362305
521,0.008276224136352539
522,0.008179426193237305
523,0.010590791702270508
524,0.007905006408691406
525,0.010622501373291016
526,0.007413387298583984
527,0.007344961166381836
528,0.007173061370849609
529,0.022488117218017578
530,0.011905670166015625
531,0.0077440738677978516
532,0.01403951644897461
533,0.006101131439208984
534,0
534,0.15653777122497559
535,0.19249367713928223
536,0.1567695140838623
537,0.14851045608520508
538,0.03229117393493652
539,0.0066797733306884766
540,0.004888057708740234
541,0
541,0.08047699928283691
542,0.01021432876586914
543,0.011422395706176758
544,0
544,0.04750967025756836
545,0.008740901947021484
546,0.009153604507446289
547,0
547,0.12818455696105957
548,0.006216287612915039
549,0.008299827575683594
550,0
550,0.035794734954833984
551,0.007688283920288086
552,0.007651567459106445
553,0.008294343948364258
554,0.006223917007446289
555,0.007546663284301758
556,0.009083271026611328
557,0.009103059768676758
558,0.006805896759033203
559,0.008846521377563477
560,0.010910987854003906
561,0.006656646728515625
562,0.011417150497436523
563,0.008974075317382812
564,0.007811307907104492
565,0.008804082870483398
566,0.007256984710693359
567,0.008894205093383789
568,0.0102386474609375
569,0.007050514221191406
570,0.014287710189819336
571,0.01149296760559082
572,0.005925178527832031
573,0.008081674575805664
574,0.01142430305480957
575,0.011379480361938477
576,0.008044719696044922
577,0.010978937149047852
578,0.0072095394134521484
579,0.007319450378417969
580,0.011307001113891602
581,0.005067586898803711
582,0.005830287933349609
583,0.010132312774658203
584,0
584,0.4171164035797119
585,0
585,0.0761559009552002
586,0
586,0.10567879676818848
587,0.00758814811706543
588,0.02424788475036621
589,0.0062639713287353516
590,0
590,0.08001995086669922
591,0.007992029190063477
592,0.4615824222564697
593,0.25303173065185547
594,0.018796682357788086
595,0.008829116821289062
596,0.006254673004150391
597,0.008855342864990234
598,0.009435415267944336
599,0.0056400299072265625
600,0.01057124137878418
601,0
601,0.07375764846801758
602,0.026467084884643555
603,0.038950204849243164
604,0
604,0.32948756217956543
605,0.05671238899230957
606,0
606,0.09857964515686035
607,0.007178068161010742
608,0.008532285690307617
609,0.010522127151489258
610,0.007990837097167969
611,0.008639812469482422
612,0.007394552230834961
613,0.009804248809814453
614,0.004918098449707031
615,0.009649038314819336
616,0.007360696792602539
617,0.006280183792114258
618,0.00738215446472168
619,0.015477895736694336
620,0.01008749008178711
621,0.4114866256713867
622,0.00726771354675293
623,0.008220434188842773
624,0.011537313461303711
625,0.007686614990234375
626,0.0067195892333984375
627,0.009224891662597656
628,0.010920047760009766
629,0.005794048309326172
630,0.010267257690429688
631,0.008212089538574219
632,0.010499238967895508
633,0.008799552917480469
634,0.007348060607910156
635,0.008377313613891602
636,0.009506940841674805
637,0.018660545349121094
638,0.008393526077270508
639,0.006452798843383789
640,0.008711814880371094
641,0.007653713226318359
642,0.010149478912353516
643,0.010090112686157227
644,0.011388301849365234
645,0.009888410568237305
646,0.00870370864868164
647,0.0063855648040771484
648,0.008169174194335938
649,0.011837482452392578
650,0.009658336639404297
651,0.009833812713623047
652,0.0075550079345703125
653,0
653,0.09602832794189453
654,0.008388042449951172
655,0.01057124137878418
656,0.009861230850219727
657,0.009779691696166992
658,0.007484912872314453
659,0.021134138107299805
660,0.01371622085571289
661,0
661,0.0995941162109375
662,0.009462118148803711
663,0.011059999465942383
664,0.009960412979125977
665,0.0076448917388916016
666,0.013561248779296875
667,0.05042314529418945
668,0.009737491607666016
669,0.011617898941040039
670,0.009608983993530273
671,0.009009361267089844
672,0.006854534149169922
673,0.011552572250366211
674,0.007721424102783203
675,0.010768413543701172
676,0.011090755462646484
677,0.00689387321472168
678,0.009573221206665039
679,0.0072438716888427734
680,0.011995792388916016
681,0.01289987564086914
682,0.26288437843322754
683,0.1554114818572998
684,0.010998249053955078
685,0.4468960762023926
686,0.014904260635375977
687,0.010543346405029297
688,0.012866973876953125
689,0.3217475414276123
690,0.15920424461364746
691,0
691,0.014283895492553711
692,0.007524251937866211
693,0.11300039291381836
694,0.1183004379272461
695,0.010528326034545898
696,0.007769107818603516
697,0.010193347930908203
698,0.006302833557128906
699,0.008379459381103516
700,0.007065296173095703
701,0.00860285758972168
702,0.007418155670166016
703,0.0077402591705322266
704,0.009530782699584961
705,0.010121583938598633
706,0.012150287628173828
707,0.013967752456665039
708,0
708,0.005057334899902344
709,0.00861501693725586
710,0.010075807571411133
711,0.013222694396972656
712,0.006664276123046875
713,0.01228642463684082
714,0.011742115020751953
715,0.011684894561767578
716,0.012493610382080078
717,0
717,0.04949355125427246
718,0.00803232192993164
719,0.02077031135559082
720,0.009862422943115234
721,0.010359764099121094
722,0.013042688369750977
723,0.009960412979125977
724,0.014422893524169922
725,0.007586479187011719
726,0.011612415313720703
727,0.011132478713989258
728,0.010007619857788086
729,0.012346029281616211
730,0.00854039192199707
731,0
731,0.058669090270996094
732,0.011137723922729492
733,0.01551055908203125
734,0
734,0.38642024993896484
735,0.008858203887939453
736,0.00734400749206543
737,0.014110803604125977
738,0.09113049507141113
739,0.24105191230773926
740,0.13761234283447266
741,0
741,0.25199103355407715
742,0.008758783340454102
743,0.008862018585205078
744,0.009140253067016602
745,0.011136531829833984
746,0.005312442779541016
747,0.006993293762207031
748,0.006401538848876953
749,0.010260343551635742
750,0.012059450149536133
751,0.0069200992584228516
752,0.004512310028076172
753,0.009320735931396484
754,0.012137413024902344
755,0.006260871887207031
756,0.00998544692993164
757,0.012244462966918945
758,0.007374286651611328
759,0.007588624954223633
760,0.009059667587280273
761,0.011895418167114258
762,0.008357763290405273
763,0.010718584060668945
764,0.006374835968017578
765,0.005340099334716797
766,0.00746607780456543
767,0.009683370590209961
768,0.009750843048095703
769,0.012421846389770508
770,0.008626222610473633
771,0.010608911514282227
772,0.008313179016113281
773,0.009064674377441406
774,0.010338783264160156
775,0.006095409393310547
776,0.009246587753295898
777,0
777,0.02900409698486328
778,0.010184764862060547
779,0.010374784469604492
780,0.006880998611450195
781,0.006884574890136719
782,0.010120153427124023
783,0.007339000701904297
784,0.00741887092590332
785,0.01184844970703125
786,0.010683536529541016
787,0.007625579833984375
788,0.0063037872314453125
789,0.009133338928222656
790,0.008635520935058594
791,0.00827479362487793
792,0.012058496475219727
793,0.008785009384155273
794,0.011782646179199219
795,0.00768280029296875
796,0.015309572219848633
797,0.013750553131103516
798,0
798,0.09168100357055664
799,0.011700868606567383
800,0.008463859558105469
801,0.009524822235107422
802,0.008432865142822266
803,0.013234376907348633
804,0.007726192474365234
805,0.00832509994506836
806,0.009958982467651367
807,0.00637507438659668
808,0.007494211196899414
809,0.007714271545410156
810,0.010468482971191406
811,0.012251853942871094
812,0.007683753967285156
813,0.006090641021728516
814,0.08255863189697266
815,0.11532926559448242
816,0.010581493377685547
817,0.028719663619995117
818,0.17725801467895508
819,0.1585249900817871
820,0.011621713638305664
821,0.011262178421020508
822,0.06460404396057129
823,0.17905068397521973
824,0.09705495834350586
825,0.007981300354003906
826,0.010627031326293945
827,0.0076313018798828125
828,0.008388519287109375
829,0.014158964157104492
830,0.00735926628112793
831,0.0075418949127197266
832,0.006174802780151367
833,0.009009599685668945
834,0.008670568466186523
835,0.007051706314086914
836,0.009253263473510742
837,0.007823467254638672
838,0.005951881408691406
839,0.007379055023193359
840,0.008706808090209961
841,0.009271383285522461
842,0.0073664188385009766
843,0.003402233123779297
844,0.008271217346191406
845,0.013193845748901367
846,0.007477760314941406
847,0.009305238723754883
848,0.006643772125244141
849,0.01146078109741211
850,0.007591724395751953
851,0.012598991394042969
852,0
852,0.027598142623901367
853,0.010275125503540039
854,0.015201091766357422
855,0.01193094253540039
856,0.007327556610107422
857,0.0076961517333984375
858,0.009807348251342773
859,0.010816812515258789
860,0.009205818176269531
861,0.010734081268310547
862,0.011297941207885742
863,0.005891561508178711
864,0.00594019889831543
865,0.010318756103515625
866,0.007383823394775391
867,0.012137651443481445
868,0.010161399841308594
869,0.006669044494628906
870,0.007241249084472656
871,0.010485410690307617
872,0
872,0.01912689208984375
873,0.02207207679748535
874,0.04862380027770996
875,0.024573087692260742
876,0.04017138481140137
877,0.011992454528808594
878,0.022930145263671875
879,0.01296544075012207
880,0.011095762252807617
881,0.00523686408996582
882,0.008024930953979492
883,0.0074443817138671875
884,0.01036214828491211
885,0.009114265441894531
886,0.01160573959350586
887,0
887,0.34478759765625
888,0.0072591304779052734
889,0.00854349136352539
890,0.006429195404052734
891,0.007245063781738281
892,0.00912165641784668
893,0.008355379104614258
894,0.008446931838989258
895,0.01253366470336914
896,0.010211944580078125
897,0.009337663650512695
898,0.007355451583862305
899,0.006340503692626953
900,0.006266117095947266
901,0.008660554885864258
902,0.010164499282836914
903,0.02135014533996582
904,3.129271984100342
905,0.009967565536499023
906,0
906,0.05397343635559082
907,0.01361536979675293
908,0.005184173583984375
909,0.019535303115844727
910,0.010501384735107422
911,0.010764837265014648
912,0.005362987518310547
913,0.01010894775390625
914,0.008271217346191406
915,0.007452726364135742
916,0.00899958610534668
917,0.009112358093261719
918,0.010209798812866211
919,0.0609126091003418
920,0.010022401809692383
921,0.007810115814208984
922,0.01131129264831543
923,0.00889277458190918
924,0.006524324417114258
925,0.008141040802001953
926,0.008203268051147461
927,0.012096166610717773
928,0.022516250610351562
929,0.0070340633392333984
930,0
930,0.01540827751159668
931,0.008939027786254883
932,0.009973287582397461
933,0.007655620574951172
934,0.006002902984619141
935,0.008436203002929688
936,0.011998891830444336
937,0.01644301414489746
938,0.006566762924194336
939,0.005177736282348633
940,0.003937721252441406
941,0
941,0.04901933670043945
942,0
942,0.16016507148742676
943,0.006348371505737305
944,0.009712696075439453
945,0.009668588638305664
946,0.004354715347290039
947,0.0072133541107177734
948,0
948,0.04297661781311035
949,0.007325887680053711
950,0.016707658767700195
951,0.0973515510559082
952,0.1547391414642334
953,0.013964414596557617
954,0.13315510749816895
955,0.02239394187927246
956,0.01996326446533203
957,0.028663158416748047
958,0.03721952438354492
959,0.043009281158447266
960,0.03993487358093262
961,0.00833892822265625
962,0.010985851287841797
963,0.009164810180664062
964,0.0058290958404541016
965,0.00981760025024414
966,0.00624537467956543
967,0.008184432983398438
968,0.005226612091064453
969,0.008671760559082031
970,0.008688926696777344
971,0.007287502288818359
972,0.004085063934326172
973,0.025425195693969727
974,0.009603023529052734
975,0.011348247528076172
976,0.006203889846801758
10.152.9.185,629.0253896713257
80,0.12451910972595215
81,0.006763935089111328
82,0.007208824157714844
83,0
83,0.039006710052490234
84,0
84,0.10828804969787598
85,0
85,0.019020795822143555
86,0
86,0.09600329399108887
87,0.005700588226318359
88,0.008146524429321289
89,0.012465953826904297
90,0.012789726257324219
91,0
91,0.15491366386413574
92,0.01280355453491211
93,0.005151271820068359
94,0.008636713027954102
95,0.012622833251953125
96,0
96,0.036986351013183594
97,0.006184577941894531
98,0.007798433303833008
99,0.006455183029174805
100,0.010097265243530273
101,0.003072023391723633
102,0.006122589111328125
103,0.008691787719726562
104,0.007719993591308594
105,0
105,0.07450199127197266
106,0.010010957717895508
107,0.01086735725402832
108,0.009850740432739258
109,0.02101588249206543
110,0.034006595611572266
111,0
111,0.09720253944396973
112,0.011394500732421875
113,0.009323596954345703
114,0.013278007507324219
115,0.01175999641418457
116,0
116,0.10730838775634766
117,0.007653236389160156
118,0.006917715072631836
119,0.007494688034057617
120,0.009723663330078125
121,0.008080482482910156
122,0.011585474014282227
123,0.012103080749511719
124,0.012084245681762695
125,0.00927281379699707
126,0.01208639144897461
127,0.013916492462158203
128,0
128,0.03343653678894043
129,0.009476423263549805
130,0.01697087287902832
131,0.009804010391235352
132,0.0062525272369384766
133,0.0061762332916259766
134,0.00941014289855957
135,0.00521087646484375
136,0.00678706169128418
137,0.016709566116333008
138,0.007615327835083008
139,0.008112907409667969
140,0.005650758743286133
141,0.00834965705871582
142,0.0068280696868896484
143,0.011387348175048828
144,0.007157802581787109
145,0.007790327072143555
146,0
146,0.009824514389038086
147,0.008927106857299805
148,0.00976252555847168
149,0.009023427963256836
150,0.005625486373901367
151,0.00889730453491211
152,0.006344795227050781
153,0.0055239200592041016
154,0.012408971786499023
155,0.007162809371948242
156,0.009280681610107422
157,0.014100074768066406
158,0.0070688724517822266
159,0.007248401641845703
160,0.008812189102172852
161,0.007549762725830078
162,0.005737781524658203
163,0.023279428482055664
164,0.00845646858215332
165,0.005304098129272461
166,0.012046098709106445
167,0.011303424835205078
168,0.010568618774414062
169,0.008908748626708984
170,0
170,0.006537199020385742
171,0.007306098937988281
172,0.012735843658447266
173,0.009153127670288086
174,0.007557392120361328
175,0.016754865646362305
176,0.05915641784667969
177,0
177,0.031777143478393555
178,0.013758182525634766
179,0
179,0
179,0.0556797981262207
180,0.007707118988037109
181,0.006518840789794922
182,0.006751298904418945
183,0.01897907257080078
184,0.006330966949462891
185,0.007280111312866211
186,0.012198686599731445
187,0.032027482986450195
188,0
188,0.04111814498901367
189,0.009097576141357422
190,0.008159875869750977
191,0.0064356327056884766
192,0.008029699325561523
193,0.007801532745361328
194,0.007500171661376953
195,0.008439779281616211
196,0.003941059112548828
197,0.007595062255859375
198,0.01040792465209961
199,0.008055448532104492
200,0.01017904281616211
201,0.0071086883544921875
202,0.006356477737426758
203,0.0077970027923583984
204,0.004224300384521484
205,0.008558511734008789
206,0.009048223495483398
207,0.011765003204345703
208,0.0066072940826416016
209,0.00785374641418457
210,0.008611679077148438
211,0.008072137832641602
212,0.006136417388916016
213,0
213,0.04028916358947754
214,0.008440017700195312
215,0.008893251419067383
216,0.01945352554321289
217,0.013642549514770508
218,0.010265350341796875
219,0.009488344192504883
220,0.009139299392700195
221,0.030199050903320312
222,0.010411500930786133
223,0.006721019744873047
224,0.009659051895141602
225,0.006479024887084961
226,0.3639993667602539
227,0.009198188781738281
228,0.009555816650390625
229,0.010699272155761719
230,0.008263349533081055
231,0.007394313812255859
232,0.008609294891357422
233,0.0036230087280273438
234,0.007310390472412109
235,0.005911827087402344
236,0.010267972946166992
237,0.00710606575012207
238,0.00760340690612793
239,0.0072307586669921875
240,0.006576061248779297
241,0.005167961120605469
242,0.0105133056640625
243,0.009882450103759766
244,0.006375312805175781
245,0.010426044464111328
246,0.009304523468017578
247,0.008955240249633789
248,0.01622796058654785
249,0.009242057800292969
250,0.006941318511962891
251,0.008946418762207031
252,0.01048731803894043
253,0
253,0.12831878662109375
254,0.008983850479125977
255,0.006541252136230469
256,0.00815892219543457
257,0.010744571685791016
258,0.006464242935180664
259,0.008600950241088867
260,0.009114265441894531
261,0.008528947830200195
262,0.010459661483764648
263,0.007822513580322266
264,0.00829625129699707
265,0.0067899227142333984
266,0.006203651428222656
267,0.010815143585205078
268,0.011102437973022461
269,0
269,0.06543517112731934
270,0.008936405181884766
271,0.0072629451751708984
272,0.006783962249755859
273,0.012704133987426758
274,0.10476541519165039
275,0.010005712509155273
276,0.012778997421264648
277,0.10734939575195312
278,0.006042957305908203
279,0
279,0.022541284561157227
280,0.02338719367980957
281,0.007134199142456055
282,0.006304502487182617
283,0.006830453872680664
284,0.008114099502563477
285,0.008831501007080078
286,0.007797718048095703
287,0.00799250602722168
288,0.007533550262451172
289,0.008807182312011719
290,0
290,0.011711597442626953
291,0.009802579879760742
292,0.010927915573120117
293,0.008662700653076172
294,0.009206056594848633
295,0.00703740119934082
296,0
296,0.04197406768798828
297,0.00886988639831543
298,0.010250568389892578
299,0.006054878234863281
300,0.00947427749633789
301,0.0075685977935791016
302,0.011433124542236328
303,0.008003950119018555
304,0.0075969696044921875
305,0.008956193923950195
306,0.007584810256958008
307,0.009252548217773438
308,0.008771181106567383
309,0.007824420928955078
310,0.004010677337646484
311,0.006848573684692383
312,0.006723642349243164
313,0.0066204071044921875
314,0.006098031997680664
315,0
315,0.03825664520263672
316,0.008133411407470703
317,0.00775909423828125
318,0.009011030197143555
319,0.008383750915527344
320,0.008584976196289062
321,0.0051937103271484375
322,0.0073282718658447266
323,0.006027936935424805
324,0.006652355194091797
325,0.00400543212890625
326,0.008327722549438477
327,0.046273231506347656
328,0.009742259979248047
329,0
329,0.06000065803527832
330,0.008213043212890625
331,0.014131546020507812
332,0.004853963851928711
333,0.007505178451538086
334,0.007834672927856445
335,0.008859872817993164
336,0.005233287811279297
337,0.007790803909301758
338,0.006407260894775391
339,0.006879329681396484
340,0.008019685745239258
341,0.008841514587402344
342,0.007276058197021484
343,0.009673833847045898
344,0.00781869888305664
345,0.008957386016845703
346,0.010658740997314453
347,0.008286476135253906
348,0.011138439178466797
349,0.018687963485717773
350,0.015099525451660156
351,0.010601282119750977
352,0.0054743289947509766
353,0.010344982147216797
354,0.010298490524291992
355,0.009432077407836914
356,0.0057675838470458984
357,0.010001897811889648
358,0.00929570198059082
359,0.008118391036987305
360,0
360,0.03495526313781738
361,0.008053064346313477
362,0.008188009262084961
363,0.008384466171264648
364,0.0074083805084228516
365,0.008158206939697266
366,0
366,0.018044233322143555
367,0.009693145751953125
368,0.010469675064086914
369,0.00554347038269043
370,0.010371208190917969
371,0.008610248565673828
372,0.008885622024536133
373,0.009989738464355469
374,0.009440422058105469
375,0.008812427520751953
376,0.009212255477905273
377,0.01040196418762207
378,0.045858144760131836
379,0.008783817291259766
380,0.009451627731323242
381,0.3333442211151123
382,0.007726430892944336
383,0.0040760040283203125
384,0.0071752071380615234
385,0
385,0.0516812801361084
386,0.0106353759765625
387,0.006641387939453125
388,0.007918596267700195
389,0.005394458770751953
390,0.0052983760833740234
391,0.006816864013671875
392,0.0064544677734375
393,0.006656646728515625
394,0.0076177120208740234
395,0.007582187652587891
396,0.0042340755462646484
397,0.0035779476165771484
398,0.007814884185791016
399,0
399,0.1685924530029297
400,0.010550498962402344
401,0.008177995681762695
402,0.004216432571411133
403,0.008047342300415039
404,0.011258840560913086
405,0.010783195495605469
406,0.01047062873840332
407,0.009433269500732422
408,0.008321523666381836
409,0.010554313659667969
410,0.009261846542358398
411,0.008330106735229492
412,0.14582180976867676
413,0.11756420135498047
414,0.010093212127685547
415,0.006174564361572266
416,0.16346526145935059
417,0.009701728820800781
418,0.005556583404541016
419,0.006873130798339844
420,0.011974096298217773
421,0.006071567535400391
422,0.007751941680908203
423,0.009260892868041992
424,0
424,0.0859689712524414
425,0.006167411804199219
426,0.010145425796508789
427,0.00820302963256836
428,0.009011507034301758
429,0.004748344421386719
430,0.00807952880859375
431,0.007750749588012695
432,0.010021448135375977
433,0.006623029708862305
434,0.007222175598144531
435,0.008162975311279297
436,0.0057260990142822266
437,0.009969234466552734
438,0.007102012634277344
439,0.016298532485961914
440,0.009830713272094727
441,0.010431766510009766
442,0.05627608299255371
443,0.01195383071899414
444,0.013092517852783203
445,0.006791353225708008
446,0.011045217514038086
447,0.008337259292602539
448,0.006421804428100586
449,0.006760120391845703
450,0.011126041412353516
451,0.01130533218383789
452,0.01108241081237793
453,0.007155895233154297
454,0.010828495025634766
455,0.006409645080566406
456,0.007904767990112305
457,0.007251739501953125
458,0.011861324310302734
459,0.0078277587890625
460,0.007052183151245117
461,0.009812116622924805
462,0.007557392120361328
463,0.007625579833984375
464,0
464,0.08525562286376953
465,0.019001483917236328
466,0.01045536994934082
467,0.007589101791381836
468,0
468,0.08907580375671387
469,0.005262851715087891
470,0.008602380752563477
471,0.012417078018188477
472,0.022701263427734375
473,0.013742208480834961
474,0.007847785949707031
475,0.009469747543334961
476,0.01099538803100586
477,0.01565241813659668
478,0.008297920227050781
479,0.005339622497558594
480,0.010616779327392578
481,0.009584903717041016
482,0.008087396621704102
483,0.006750583648681641
484,0.007837533950805664
485,0.00816655158996582
486,0.009003400802612305
487,0.0056040287017822266
488,0.010944128036499023
489,0.010041475296020508
490,0.0063457489013671875
491,0.00623011589050293
492,0.010219335556030273
493,0.008314371109008789
494,0.010951042175292969
495,0.006465435028076172
496,0.006777763366699219
497,0.010497570037841797
498,0.008400917053222656
499,0.013617515563964844
500,0.007051944732666016
501,0.010324954986572266
502,0.009331464767456055
503,0.009727716445922852
504,0.0070438385009765625
505,0.009251117706298828
506,0.009232044219970703
507,0.01213526725769043
508,0.00807332992553711
509,0.008230447769165039
510,0.006726264953613281
511,0.011205911636352539
512,0.011411905288696289
513,0.008614063262939453
514,0.006787538528442383
515,0
515,0.0555117130279541
516,0.0072689056396484375
517,0.011546611785888672
518,0.006281614303588867
519,0.007612943649291992
520,0.011817693710327148
521,0.008702278137207031
522,0.008645057678222656
523,0.009788036346435547
524,0.010684013366699219
525,0.0051136016845703125
526,0.008476734161376953
527,0.009437322616577148
528,0.0070345401763916016
529,0.007442951202392578
530,0.011586904525756836
531,0.013229131698608398
532,0.006582975387573242
533,0.007909536361694336
534,0.017154693603515625
535,0.009021997451782227
536,0.00399470329284668
537,0.009278297424316406
538,0.006898641586303711
539,0.008773326873779297
540,0
540,0.014732837677001953
541,0.009851932525634766
542,0.004976511001586914
543,0
543,0.11656808853149414
544,0.007923364639282227
545,0.008312225341796875
546,0
546,0
546,0.06450796127319336
547,0.007323026657104492
548,0.011997461318969727
549,0
549,0.11393070220947266
550,0.008548498153686523
551,0.009137153625488281
552,0.007955551147460938
553,0.00812530517578125
554,0.007614850997924805
555,0
555,0.06178450584411621
556,0.008777618408203125
557,0.006363391876220703
558,0.007631540298461914
559,0.007706642150878906
560,0.009334325790405273
561,0.007934093475341797
562,0
562,0.147965669631958
563,0.020448684692382812
564,0.011679649353027344
565,0.007626533508300781
566,0
566,0.03620100021362305
567,0.008446216583251953
568,0.010080099105834961
569,0.18775153160095215
570,0.15964818000793457
571,0.14393997192382812
572,0
572,0.1499159336090088
573,0.009504318237304688
574,0.007878303527832031
575,0.010833978652954102
576,0.00913548469543457
577,0.007311105728149414
578,0
578,0.04754328727722168
579,0.007414340972900391
580,0.011478424072265625
581,0.008082151412963867
582,0.009212493896484375
583,0.006243705749511719
584,0.00774073600769043
585,0.007678508758544922
586,0.008799076080322266
587,0.0076940059661865234
588,0.008249759674072266
589,0.005129814147949219
590,0.007126808166503906
591,0.012106895446777344
592,0.006676197052001953
593,0.008812665939331055
594,0.013907909393310547
595,0.01051640510559082
596,0.008944272994995117
597,0.010969400405883789
598,0.02187800407409668
599,0.008804082870483398
600,0.009450435638427734
601,0.011580467224121094
602,0.007401227951049805
603,0.008210897445678711
604,0.016893386840820312
605,0.00848245620727539
606,0.006921052932739258
607,0.00526738166809082
608,0.010960817337036133
609,0.008341550827026367
610,0.006646633148193359
611,0.008085250854492188
612,0.008173465728759766
613,0.008049726486206055
614,0.006682634353637695
615,0.006974697113037109
616,0.009138107299804688
617,0.007076263427734375
618,0.0047609806060791016
619,0.1614398956298828
620,0.0809624195098877
621,0
621,0.16131377220153809
622,0.008247613906860352
623,0.008465290069580078
624,0.014180183410644531
625,0.010232210159301758
626,0.4614708423614502
627,0.2557210922241211
628,0.015941381454467773
629,0.008548736572265625
630,0.006367921829223633
631,0.010270118713378906
632,0.008156299591064453
633,0.0063686370849609375
634,0.00950169563293457
635,0.007024288177490234
636,0.024326562881469727
637,0.039099693298339844
638,0.032418251037597656
639,0.06056642532348633
640,0
640,0.09154725074768066
641,0.008155584335327148
642,0.006326436996459961
643,0.0069425106048583984
644,0.009916067123413086
645,0.008072137832641602
646,0.008057594299316406
647,0.006974220275878906
648,0.006937503814697266
649,0.008166790008544922
650,0.008857250213623047
651,0.007668256759643555
652,0.006348848342895508
653,0.030725955963134766
654,0.008177518844604492
655,0.4114866256713867
656,0.00726771354675293
657,0.005052089691162109
658,0.009502649307250977
659,0.009375333786010742
660,0.005171060562133789
661,0
661,0.03835749626159668
662,0.007033348083496094
663,0.0068356990814208984
664,0.009269475936889648
665,0.008578062057495117
666,0.009464502334594727
667,0.009834051132202148
668,0.00631260871887207
669,0.0073392391204833984
670,0.011374950408935547
671,0.007180213928222656
672,0.024283885955810547
673,0.005283832550048828
674,0.0073125362396240234
675,0.009916067123413086
676,0.006604433059692383
677,0.011655569076538086
678,0.013349294662475586
679,0.010951995849609375
680,0.007668972015380859
681,0.007416248321533203
682,0.007037162780761719
683,0.008846282958984375
684,0.009658336639404297
685,0.009833812713623047
686,0.0055196285247802734
687,1.5238165855407715
688,0.007355928421020508
689,0.009542226791381836
690,0.00740361213684082
691,0.009779691696166992
692,0.007484912872314453
693,0.009327888488769531
694,0.006142139434814453
695,0.007079124450683594
696,0.010506629943847656
697,0.012104034423828125
698,0.009169816970825195
699,0.008681535720825195
700,0.00893712043762207
701,0.05145859718322754
702,0.024917125701904297
703,0.011617898941040039
704,0.009300708770751953
705,0.007980108261108398
706,0.03145098686218262
707,0.007524728775024414
708,0.008311986923217773
709,0.009729146957397461
710,0.010055065155029297
711,0.007930517196655273
712,0.009573221206665039
713,0.006796598434448242
714,0.0099945068359375
715,0.011864662170410156
716,0.007576942443847656
717,0.15381979942321777
718,0.010001897811889648
719,0.012016534805297852
720,0.013247013092041016
721,0.011880159378051758
722,0.012499332427978516
723,0.005290508270263672
724,0.16024398803710938
725,0.12633180618286133
726,0.5926418304443359
727,0.6727359294891357
728,0.20370721817016602
729,0.009671449661254883
730,0.009783506393432617
731,0.010293006896972656
732,0.008329629898071289
733,0.007576465606689453
734,0.0068013668060302734
735,0.00860285758972168
736,0.007036924362182617
737,0.007772207260131836
738,0.01154637336730957
739,0.006743192672729492
740,0.011244058609008789
741,0.008327960968017578
742,0.013411998748779297
743,0.009658575057983398
744,0.01110982894897461
745,0.0071790218353271484
746,0.007725238800048828
747,0.01092076301574707
748,0.012775897979736328
749,0.011988401412963867
750,0.012493610382080078
751,0.011246919631958008
752,0.010424375534057617
753,0.009876012802124023
754,0.011704444885253906
755,0.008298397064208984
756,0.012014627456665039
757,0.009762763977050781
758,0.010242223739624023
759,0.00861978530883789
760,0.012608766555786133
761,0.005924224853515625
762,0.012018203735351562
763,0.010405540466308594
764,0.007505655288696289
765,0.01327657699584961
766,0.011514902114868164
767,0.014467716217041016
768,0.010172128677368164
769,0.010855436325073242
770,0.011333227157592773
771,0.009117603302001953
772,0.007298707962036133
773,0.07941818237304688
774,0.13657522201538086
775,0.006289243698120117
776,0.007760047912597656
777,0.007826566696166992
778,0.010138750076293945
779,0.010108709335327148
780,0.006807565689086914
781,0.00782322883605957
782,0.007430315017700195
783,0.010260343551635742
784,0.010633230209350586
785,0.005889415740966797
786,0.003475189208984375
787,0.013174295425415039
788,0.011555194854736328
789,0.007562875747680664
790,0.008953094482421875
791,0.01352071762084961
792,0.018232345581054688
793,0.006556987762451172
794,0.008058309555053711
795,0.011895418167114258
796,0.009835243225097656
797,0.011451482772827148
798,0.007413625717163086
799,0.0069768428802490234
800,0.008113622665405273
801,0.009662389755249023
802,0.010860443115234375
803,0.011069774627685547
804,0.007595062255859375
805,0.010608911514282227
806,0.00931549072265625
807,0.011313915252685547
808,0.012238502502441406
809,0.01381063461303711
810,0
810,0.04470539093017578
811,0.009722232818603516
812,0.009139776229858398
813,0.01330709457397461
814,0.005171298980712891
815,0.01192927360534668
816,0.009092330932617188
817,0.005784273147583008
818,0.008446931838989258
819,0.01184844970703125
820,0.02261948585510254
821,0.0060656070709228516
822,0.0053043365478515625
823,0.009133338928222656
824,0.007824420928955078
825,0.009311437606811523
826,0.012058496475219727
827,0.010812759399414062
828,0.00885462760925293
829,0.011454343795776367
830,0.014272928237915039
831,0.013750553131103516
832,0.007099151611328125
833,0.013146638870239258
834,0.0071027278900146484
835,0.00750422477722168
836,0.01056528091430664
837,0.011098623275756836
838,0.007011890411376953
839,0.007297039031982422
840,0.009769201278686523
841,0.00850367546081543
842,0.008522987365722656
843,0.007752418518066406
844,0.006440877914428711
845,0.010254144668579102
846,0.00664520263671875
847,0.007505655288696289
848,0.008223533630371094
849,0.07988834381103516
850,0.011580944061279297
851,0.009331464767456055
852,0.015219449996948242
853,0.15920758247375488
854,0.01058816909790039
855,0.008190393447875977
856,0.007928609848022461
857,0.011043787002563477
858,0.0935516357421875
859,0.006239175796508789
860,0.009232759475708008
861,0.006313323974609375
862,0
862,0.04248380661010742
863,0.008069753646850586
864,0.008387327194213867
865,0.006506443023681641
866,0.00807499885559082
867,0.010578155517578125
868,0.007630586624145508
869,0.008996248245239258
870,0.008254051208496094
871,0.007279872894287109
872,0.007952451705932617
873,0.009226083755493164
874,0.009707450866699219
875,0.007236480712890625
876,0.008362770080566406
877,0.01351165771484375
878,0.007272243499755859
879,0.013193845748901367
880,0.00638127326965332
881,0.01013040542602539
882,0.01096796989440918
883,0.012498855590820312
884,0.00864410400390625
885,0.030310630798339844
886,0.013449907302856445
887,0.009276151657104492
888,0.01639866828918457
889,0.012957572937011719
890,0.005373716354370117
891,0.0053501129150390625
892,0.010842084884643555
893,0.011026620864868164
894,0.010243415832519531
895,0.009227275848388672
896,0
896,0.015070438385009766
897,0.0069332122802734375
898,0.007851839065551758
899,0.011353731155395508
900,0
900,0.10882782936096191
901,0.009471654891967773
902,0.010203361511230469
903,0.007194042205810547
904,0.007241249084472656
905,0.005864620208740234
906,0
906,0.041661977767944336
907,0.023099184036254883
908,0.04662466049194336
909,0.025607824325561523
910,0.03914022445678711
911,0.011348724365234375
912,0.023967742919921875
913,0.009388208389282227
914,0.012736797332763672
915,0.009114265441894531
916,0.008024930953979492
917,0.008087635040283203
918,0.011397361755371094
919,0.00707697868347168
920,0.011046886444091797
921,0.006770610809326172
922,0
922,0.09759235382080078
923,0.00751042366027832
924,0.00713348388671875
925,0.010189533233642578
926,0
926,0.11222028732299805
927,0.018242597579956055
928,0.023927688598632812
929,0.00791478157043457
930,0.010211944580078125
931,0.009337663650512695
932,0.006326913833618164
933,0.005370140075683594
934,0.007295131683349609
935,0.010223150253295898
936,0.011054039001464844
937,0.02210545539855957
938,0
938,0.09160423278808594
939,0.007784843444824219
940,0.010694742202758789
941,0.014647722244262695
942,0
942,0.08849811553955078
943,0.010161638259887695
944,0.010065317153930664
945,0.011765241622924805
946,0.0071239471435546875
947,0.017862558364868164
948,0.008878469467163086
949,0.00848078727722168
950,0.010487079620361328
951,0.005249977111816406
952,0.006773233413696289
953,0.06354999542236328
954,0.010022401809692383
955,0.008806943893432617
956,0.00513768196105957
957,0.007855653762817383
958,0.006524324417114258
959,0.008272647857666016
960,0.007077932357788086
961,0
961,0.06615972518920898
962,0.006956577301025391
963,0.0061075687408447266
964,0.009188175201416016
965,0.008867025375366211
966,0.013052940368652344
967,0.019811391830444336
968,0.004974842071533203
969,0.01003265380859375
970,0.010955095291137695
971,0.00548863410949707
972,0.007463932037353516
973,0
973,0.10901713371276855
974,0.005703449249267578
975,0.00820612907409668
976,0.011551141738891602
977,0.005306720733642578
978,0.008324384689331055
979,0.010665416717529297
980,0.007355690002441406
981,0.009725332260131836
982,0.009095907211303711
983,0.008267402648925781
984,0.015711069107055664
985,0.09934473037719727
986,0.15374159812927246
987,0.014995336532592773
988,0.11129617691040039
989,0.02172541618347168
990,0.018614530563354492
991,0.02424788475036621
992,0.03619027137756348
993,0.039582252502441406
994,0
994,0.10217547416687012
995,0.00731348991394043
996,0.009841442108154297
997,0
997,0.1488170623779297
998,0.00860595703125
999,0.00882101058959961
1000,0.007277250289916992
1001,0.009217023849487305
1002,0.007266044616699219
1003,0
1003,0.00729060173034668
1004,0.007073163986206055
1005,0.0062525272369384766
1006,0.005118131637573242
1007,0.008887767791748047
1008,0.008575439453125
1009,0.010313272476196289
1010,0.022966861724853516
